"DESCRIPTION","DURATION IN MS","NAME","PARENT SUITE","START TIME","STATUS","STOP TIME","SUB SUITE","SUITE","TEST CLASS","TEST METHOD"
"Test 109: Format time in seconds","0","test_format_time_seconds","tests","Thu Dec 11 22:46:51 UTC 2025","passed","Thu Dec 11 22:46:51 UTC 2025","","test_utils","",""
"Test 136: Extract Given keyword","0","test_extract_keyword_given","tests","Thu Dec 11 22:46:50 UTC 2025","passed","Thu Dec 11 22:46:50 UTC 2025","","test_bdd_framework","",""
"Test 107: Validate HTTP URL","0","test_validate_url_http","tests","Thu Dec 11 22:46:51 UTC 2025","passed","Thu Dec 11 22:46:51 UTC 2025","","test_utils","",""
"Test 100: Get full configuration","0","test_get_config","tests","Thu Dec 11 22:46:50 UTC 2025","passed","Thu Dec 11 22:46:50 UTC 2025","","test_framework_utils","",""
"Test 203: Delete a quiz","0","test_delete_quiz","tests","Thu Dec 11 22:46:50 UTC 2025","passed","Thu Dec 11 22:46:50 UTC 2025","","test_dashboard_page","",""
"Test 72: Search with unicode characters","0","test_search_unicode_query","tests","Thu Dec 11 22:46:50 UTC 2025","passed","Thu Dec 11 22:46:50 UTC 2025","","test_quiz_search","",""
"Test 134: Validate But step","0","test_validate_step_but","tests","Thu Dec 11 22:46:50 UTC 2025","passed","Thu Dec 11 22:46:50 UTC 2025","","test_dsl","",""
"Test 84: Validate grade below 1 raises error","0","test_validate_grade_range_too_low","tests","Thu Dec 11 22:46:50 UTC 2025","passed","Thu Dec 11 22:46:50 UTC 2025","","test_quiz_search","",""
"Test 222: Active filters is empty dict when none set","0","test_get_active_filters_when_none","tests","Thu Dec 11 22:46:50 UTC 2025","passed","Thu Dec 11 22:46:50 UTC 2025","","test_dashboard_page","",""
"Test 78: Search with whitespace only raises error","1","test_search_whitespace_only","tests","Thu Dec 11 22:46:50 UTC 2025","passed","Thu Dec 11 22:46:50 UTC 2025","","test_quiz_search","",""
"Test 337: Sort results by score (lowest first)","0","test_sort_by_score_ascending","tests","Thu Dec 11 22:46:50 UTC 2025","passed","Thu Dec 11 22:46:50 UTC 2025","","test_results_page","",""
"Test 276: Start quiz after adding participants","0","test_start_quiz","tests","Thu Dec 11 22:46:50 UTC 2025","passed","Thu Dec 11 22:46:50 UTC 2025","","test_live_session_page","",""
"Test 143: Run multiple steps","0","test_run_multiple_steps","tests","Thu Dec 11 22:46:50 UTC 2025","passed","Thu Dec 11 22:46:50 UTC 2025","","test_bdd_framework","",""
"Test 223: Quiz count updates after deletion","0","test_quiz_count_after_deletion","tests","Thu Dec 11 22:46:50 UTC 2025","passed","Thu Dec 11 22:46:50 UTC 2025","","test_dashboard_page","",""
"Test 219: Search is case insensitive","0","test_search_case_insensitive","tests","Thu Dec 11 22:46:50 UTC 2025","passed","Thu Dec 11 22:46:50 UTC 2025","","test_dashboard_page","",""
"Test 300: Set valid due date","25","test_set_due_date","tests","Thu Dec 11 22:46:50 UTC 2025","passed","Thu Dec 11 22:46:50 UTC 2025","","test_homework_assign_page","",""
"Test 14: Adding same quiz multiple times accumulates plays","0","test_multiple_same_quizzes","tests","Thu Dec 11 22:46:50 UTC 2025","passed","Thu Dec 11 22:46:50 UTC 2025","","test_quiz_library","",""
"Test 348: Filter with non-string student raises TypeError","0","test_filter_by_student_non_string","tests","Thu Dec 11 22:46:50 UTC 2025","passed","Thu Dec 11 22:46:50 UTC 2025","","test_results_page","",""
"Test 386: Name whitespace is trimmed","0","test_name_whitespace_trimmed","tests","Thu Dec 11 22:46:51 UTC 2025","passed","Thu Dec 11 22:46:51 UTC 2025","","test_user_profile_page","",""
"Test 7: Update play count for a quiz","0","test_update_plays","tests","Thu Dec 11 22:46:50 UTC 2025","passed","Thu Dec 11 22:46:50 UTC 2025","","test_quiz_library","",""
"Test 263: Question can have multiple correct answers","1","test_multiple_correct_answers","tests","Thu Dec 11 22:46:50 UTC 2025","passed","Thu Dec 11 22:46:50 UTC 2025","","test_quiz_editor_page","",""
"Test 245: Edit question with empty text raises ValueError","0","test_edit_question_empty_text","tests","Thu Dec 11 22:46:50 UTC 2025","passed","Thu Dec 11 22:46:50 UTC 2025","","test_quiz_editor_page","",""
"Test 388: is_modified flag updates correctly","0","test_is_modified_flag","tests","Thu Dec 11 22:46:51 UTC 2025","passed","Thu Dec 11 22:46:51 UTC 2025","","test_user_profile_page","",""
"Test 162: Run with non-list raises error","0","test_run_non_list","tests","Thu Dec 11 22:46:50 UTC 2025","passed","Thu Dec 11 22:46:50 UTC 2025","","test_bdd_framework","",""
"Test 176: Login fails with wrong credentials","0","test_failed_login_wrong_credentials","tests","Thu Dec 11 22:46:50 UTC 2025","passed","Thu Dec 11 22:46:50 UTC 2025","","test_login_page","",""
"Test 132: Validate Then step","0","test_validate_step_then","tests","Thu Dec 11 22:46:50 UTC 2025","passed","Thu Dec 11 22:46:50 UTC 2025","","test_dsl","",""
"Test 261: Quiz name whitespace is trimmed","0","test_quiz_name_whitespace_trimmed","tests","Thu Dec 11 22:46:50 UTC 2025","passed","Thu Dec 11 22:46:50 UTC 2025","","test_quiz_editor_page","",""
"Test 156: Get feature count","0","test_get_feature_count","tests","Thu Dec 11 22:46:50 UTC 2025","passed","Thu Dec 11 22:46:50 UTC 2025","","test_dsl","",""
"Test 113: Set invalid language raises error","0","test_set_language_invalid","tests","Thu Dec 11 22:46:50 UTC 2025","passed","Thu Dec 11 22:46:50 UTC 2025","","test_framework_utils","",""
"Test 163: Mark non-executed step as failed raises error","0","test_mark_failed_not_executed","tests","Thu Dec 11 22:46:50 UTC 2025","passed","Thu Dec 11 22:46:50 UTC 2025","","test_dsl","",""
"Test 57: Search for quizzes with valid query","0","test_search_valid_query","tests","Thu Dec 11 22:46:50 UTC 2025","passed","Thu Dec 11 22:46:50 UTC 2025","","test_quiz_search","",""
"Test 142: Run single step","0","test_run_single_step","tests","Thu Dec 11 22:46:50 UTC 2025","passed","Thu Dec 11 22:46:50 UTC 2025","","test_dsl","",""
"Test 60: Sort quizzes by plays ascending","0","test_sort_by_plays_ascending","tests","Thu Dec 11 22:46:50 UTC 2025","passed","Thu Dec 11 22:46:50 UTC 2025","","test_quiz_search","",""
"Test 133: Validate And step","0","test_validate_step_and","tests","Thu Dec 11 22:46:50 UTC 2025","passed","Thu Dec 11 22:46:50 UTC 2025","","test_bdd_framework","",""
"Test 158: Parse empty string raises error","1","test_parse_empty_string","tests","Thu Dec 11 22:46:50 UTC 2025","passed","Thu Dec 11 22:46:50 UTC 2025","","test_dsl","",""
"Test 287: Add participant before starting raises ValueError","1","test_add_participant_before_start","tests","Thu Dec 11 22:46:50 UTC 2025","passed","Thu Dec 11 22:46:50 UTC 2025","","test_live_session_page","",""
"Test 298: Create homework assignment page","0","test_create_homework_page","tests","Thu Dec 11 22:46:50 UTC 2025","passed","Thu Dec 11 22:46:50 UTC 2025","","test_homework_assign_page","",""
"Test 310: Set homework name with non-string raises TypeError","0","test_set_homework_name_non_string","tests","Thu Dec 11 22:46:50 UTC 2025","passed","Thu Dec 11 22:46:50 UTC 2025","","test_homework_assign_page","",""
"Test 133: Validate And step","0","test_validate_step_and","tests","Thu Dec 11 22:46:50 UTC 2025","passed","Thu Dec 11 22:46:50 UTC 2025","","test_dsl","",""
"Test 151: Execution count accumulates","1","test_execution_count_accumulates","tests","Thu Dec 11 22:46:50 UTC 2025","passed","Thu Dec 11 22:46:50 UTC 2025","","test_dsl","",""
"Test 202: Open quiz for editing","0","test_open_quiz","tests","Thu Dec 11 22:46:50 UTC 2025","passed","Thu Dec 11 22:46:50 UTC 2025","","test_dashboard_page","",""
"Test 385: Save changes with no modifications raises ValueError","1","test_save_changes_when_no_modifications","tests","Thu Dec 11 22:46:51 UTC 2025","passed","Thu Dec 11 22:46:51 UTC 2025","","test_user_profile_page","",""
"Test 122: Validate URL without protocol","1","test_validate_url_no_protocol","tests","Thu Dec 11 22:46:50 UTC 2025","passed","Thu Dec 11 22:46:50 UTC 2025","","test_framework_utils","",""
"Test 54: Breadcrumbs are independent copies","0","test_breadcrumbs_independence","tests","Thu Dec 11 22:46:50 UTC 2025","passed","Thu Dec 11 22:46:50 UTC 2025","","test_subject_categories","",""
"Test 140: Parse step with multiple parameters","1","test_parse_parameters_multiple","tests","Thu Dec 11 22:46:50 UTC 2025","passed","Thu Dec 11 22:46:50 UTC 2025","","test_bdd_framework","",""
"Test 123: Format score with 0 total raises error","0","test_format_score_invalid_total","tests","Thu Dec 11 22:46:50 UTC 2025","passed","Thu Dec 11 22:46:50 UTC 2025","","test_framework_utils","",""
"Test 95: Set browser to Chrome","0","test_set_browser_chrome","tests","Thu Dec 11 22:46:51 UTC 2025","passed","Thu Dec 11 22:46:51 UTC 2025","","test_utils","",""
"Test 71: Search with spaces in query","0","test_search_with_spaces","tests","Thu Dec 11 22:46:50 UTC 2025","passed","Thu Dec 11 22:46:50 UTC 2025","","test_quiz_search","",""
"Test 68: Format query to lowercase","0","test_format_query_lowercase","tests","Thu Dec 11 22:46:50 UTC 2025","passed","Thu Dec 11 22:46:50 UTC 2025","","test_quiz_search","",""
"Test 249: Set correct answer for nonexistent question raises ValueError","0","test_set_correct_answer_nonexistent_question","tests","Thu Dec 11 22:46:50 UTC 2025","passed","Thu Dec 11 22:46:50 UTC 2025","","test_quiz_editor_page","",""
"Test 125: Parse invalid JSON raises error","0","test_parse_json_invalid","tests","Thu Dec 11 22:46:51 UTC 2025","passed","Thu Dec 11 22:46:51 UTC 2025","","test_utils","",""
"Test 160: Parse non-string raises error","0","test_parse_non_string","tests","Thu Dec 11 22:46:50 UTC 2025","passed","Thu Dec 11 22:46:50 UTC 2025","","test_bdd_framework","",""
"Test 372: Save profile changes","0","test_save_changes","tests","Thu Dec 11 22:46:50 UTC 2025","passed","Thu Dec 11 22:46:50 UTC 2025","","test_user_profile_page","",""
"Test 332: Filter results by student name","0","test_filter_by_student","tests","Thu Dec 11 22:46:50 UTC 2025","passed","Thu Dec 11 22:46:50 UTC 2025","","test_results_page","",""
"Test 51: Add new category increases count","0","test_add_new_category","tests","Thu Dec 11 22:46:50 UTC 2025","passed","Thu Dec 11 22:46:50 UTC 2025","","test_subject_categories","",""
"Test 123: Format score with 0 total raises error","0","test_format_score_invalid_total","tests","Thu Dec 11 22:46:51 UTC 2025","passed","Thu Dec 11 22:46:51 UTC 2025","","test_utils","",""
"Test 105: Log debug message","0","test_log_debug","tests","Thu Dec 11 22:46:50 UTC 2025","passed","Thu Dec 11 22:46:50 UTC 2025","","test_framework_utils","",""
"Test 122: Validate URL without protocol","0","test_validate_url_no_protocol","tests","Thu Dec 11 22:46:51 UTC 2025","passed","Thu Dec 11 22:46:51 UTC 2025","","test_utils","",""
"Test 288: Remove participant with non-integer ID raises TypeError","0","test_remove_participant_non_integer","tests","Thu Dec 11 22:46:50 UTC 2025","passed","Thu Dec 11 22:46:50 UTC 2025","","test_live_session_page","",""
"Test 187: Logout without being logged in","1","test_logout_without_login","tests","Thu Dec 11 22:46:50 UTC 2025","passed","Thu Dec 11 22:46:50 UTC 2025","","test_login_page","",""
"Test 145: Get executed steps when none run","0","test_get_executed_steps_empty","tests","Thu Dec 11 22:46:50 UTC 2025","passed","Thu Dec 11 22:46:50 UTC 2025","","test_bdd_framework","",""
"Test 60: Adding non-string category raises error","1","test_add_non_string_category","tests","Thu Dec 11 22:46:50 UTC 2025","passed","Thu Dec 11 22:46:50 UTC 2025","","test_subject_categories","",""
"Test 2: Add quiz with play count","0","test_add_quiz_with_plays","tests","Thu Dec 11 22:46:50 UTC 2025","passed","Thu Dec 11 22:46:50 UTC 2025","","test_quiz_library","",""
"Test 61: Removing nonexistent category raises error","0","test_remove_nonexistent_category","tests","Thu Dec 11 22:46:50 UTC 2025","passed","Thu Dec 11 22:46:50 UTC 2025","","test_subject_categories","",""
"Test 339: Sort by accuracy","0","test_sort_by_accuracy","tests","Thu Dec 11 22:46:50 UTC 2025","passed","Thu Dec 11 22:46:50 UTC 2025","","test_results_page","",""
"Test 128: Parse simple step text","0","test_parse_simple_step","tests","Thu Dec 11 22:46:50 UTC 2025","passed","Thu Dec 11 22:46:50 UTC 2025","","test_bdd_framework","",""
"Test 277: Move to next question","0","test_next_question","tests","Thu Dec 11 22:46:50 UTC 2025","passed","Thu Dec 11 22:46:50 UTC 2025","","test_live_session_page","",""
"Test 256: Save quiz without name raises ValueError","0","test_save_quiz_without_name","tests","Thu Dec 11 22:46:50 UTC 2025","passed","Thu Dec 11 22:46:50 UTC 2025","","test_quiz_editor_page","",""
"Test 260: New question has default 30s timer","0","test_question_default_timer","tests","Thu Dec 11 22:46:50 UTC 2025","passed","Thu Dec 11 22:46:50 UTC 2025","","test_quiz_editor_page","",""
"Test 243: Edit nonexistent question raises ValueError","1","test_edit_nonexistent_question","tests","Thu Dec 11 22:46:50 UTC 2025","passed","Thu Dec 11 22:46:50 UTC 2025","","test_quiz_editor_page","",""
"Test 302: Add multiple classes","1","test_add_multiple_classes","tests","Thu Dec 11 22:46:50 UTC 2025","passed","Thu Dec 11 22:46:50 UTC 2025","","test_homework_assign_page","",""
"Test 136: Extract Given keyword","0","test_extract_keyword_given","tests","Thu Dec 11 22:46:50 UTC 2025","passed","Thu Dec 11 22:46:50 UTC 2025","","test_dsl","",""
"Test 390: All supported languages work","0","test_supported_languages","tests","Thu Dec 11 22:46:51 UTC 2025","passed","Thu Dec 11 22:46:51 UTC 2025","","test_user_profile_page","",""
"Test 351: Negative accuracy raises ValueError","1","test_filter_by_accuracy_negative","tests","Thu Dec 11 22:46:50 UTC 2025","passed","Thu Dec 11 22:46:50 UTC 2025","","test_results_page","",""
"Test 96: Set browser to Firefox","1","test_set_browser_firefox","tests","Thu Dec 11 22:46:50 UTC 2025","passed","Thu Dec 11 22:46:50 UTC 2025","","test_framework_utils","",""
"Test 301: Add a class to assignment","0","test_add_class","tests","Thu Dec 11 22:46:50 UTC 2025","passed","Thu Dec 11 22:46:50 UTC 2025","","test_homework_assign_page","",""
"Test 166: Parse whitespace feature raises error","0","test_parse_feature_whitespace","tests","Thu Dec 11 22:46:50 UTC 2025","passed","Thu Dec 11 22:46:50 UTC 2025","","test_bdd_framework","",""
"Test 127: Format perfect score (100%)","0","test_format_score_perfect","tests","Thu Dec 11 22:46:50 UTC 2025","passed","Thu Dec 11 22:46:50 UTC 2025","","test_framework_utils","",""
"Test 157: Initial feature count is 0","0","test_feature_count_initial","tests","Thu Dec 11 22:46:50 UTC 2025","passed","Thu Dec 11 22:46:50 UTC 2025","","test_dsl","",""
"Test 254: Timer above 300 seconds raises ValueError","0","test_set_timer_too_high","tests","Thu Dec 11 22:46:50 UTC 2025","passed","Thu Dec 11 22:46:50 UTC 2025","","test_quiz_editor_page","",""
"Test 140: Parse step with multiple parameters","0","test_parse_parameters_multiple","tests","Thu Dec 11 22:46:50 UTC 2025","passed","Thu Dec 11 22:46:50 UTC 2025","","test_dsl","",""
"Test 152: get_executed_steps returns copy","0","test_get_executed_steps_returns_copy","tests","Thu Dec 11 22:46:50 UTC 2025","passed","Thu Dec 11 22:46:50 UTC 2025","","test_bdd_framework","",""
"Test 257: Save quiz without questions raises ValueError","1","test_save_quiz_without_questions","tests","Thu Dec 11 22:46:50 UTC 2025","passed","Thu Dec 11 22:46:50 UTC 2025","","test_quiz_editor_page","",""
"Test 46: Breadcrumbs track multiple categories","0","test_breadcrumbs_multiple_categories","tests","Thu Dec 11 22:46:50 UTC 2025","passed","Thu Dec 11 22:46:50 UTC 2025","","test_subject_categories","",""
"Test 13: Get plays for non-existent quiz returns 0","0","test_get_plays_nonexistent","tests","Thu Dec 11 22:46:50 UTC 2025","passed","Thu Dec 11 22:46:50 UTC 2025","","test_quiz_library","",""
"Test 5: Get quizzes from empty library","0","test_get_quizzes_empty","tests","Thu Dec 11 22:46:50 UTC 2025","passed","Thu Dec 11 22:46:50 UTC 2025","","test_quiz_library","",""
"Test 342: Export with custom filename","0","test_export_to_excel_custom_filename","tests","Thu Dec 11 22:46:50 UTC 2025","passed","Thu Dec 11 22:46:50 UTC 2025","","test_results_page","",""
"Test 130: Validate Given step","0","test_validate_step_given","tests","Thu Dec 11 22:46:50 UTC 2025","passed","Thu Dec 11 22:46:50 UTC 2025","","test_dsl","",""
"Test 6: Get count of saved quizzes","1","test_get_quiz_count","tests","Thu Dec 11 22:46:50 UTC 2025","passed","Thu Dec 11 22:46:50 UTC 2025","","test_quiz_library","",""
"Test 252: Add media with non-string URL raises TypeError","0","test_add_media_non_string_url","tests","Thu Dec 11 22:46:50 UTC 2025","passed","Thu Dec 11 22:46:50 UTC 2025","","test_quiz_editor_page","",""
"Test 269: Share join code via email","0","test_share_join_code_email","tests","Thu Dec 11 22:46:50 UTC 2025","passed","Thu Dec 11 22:46:50 UTC 2025","","test_live_session_page","",""
"Test 42: Open History category","0","test_open_category_history","tests","Thu Dec 11 22:46:50 UTC 2025","passed","Thu Dec 11 22:46:50 UTC 2025","","test_subject_categories","",""
"Test 11: Library contains quiz","0","test_has_quiz_true","tests","Thu Dec 11 22:46:50 UTC 2025","passed","Thu Dec 11 22:46:50 UTC 2025","","test_quiz_library","",""
"Test 97: Set custom timeout","1","test_set_timeout","tests","Thu Dec 11 22:46:51 UTC 2025","passed","Thu Dec 11 22:46:51 UTC 2025","","test_utils","",""
"Test 105: Log debug message","0","test_log_debug","tests","Thu Dec 11 22:46:51 UTC 2025","passed","Thu Dec 11 22:46:51 UTC 2025","","test_utils","",""
"Test 284: Share with invalid method raises ValueError","0","test_share_join_code_invalid_method","tests","Thu Dec 11 22:46:50 UTC 2025","passed","Thu Dec 11 22:46:50 UTC 2025","","test_live_session_page","",""
"Test 319: Remove class with non-string raises TypeError","0","test_remove_class_non_string","tests","Thu Dec 11 22:46:50 UTC 2025","passed","Thu Dec 11 22:46:50 UTC 2025","","test_homework_assign_page","",""
"Test 274: Get list of participants","0","test_get_participants","tests","Thu Dec 11 22:46:50 UTC 2025","passed","Thu Dec 11 22:46:50 UTC 2025","","test_live_session_page","",""
"Test 151: Execution count accumulates","0","test_execution_count_accumulates","tests","Thu Dec 11 22:46:50 UTC 2025","passed","Thu Dec 11 22:46:50 UTC 2025","","test_bdd_framework","",""
"Test 141: Parse step with no parameters","0","test_parse_parameters_none","tests","Thu Dec 11 22:46:50 UTC 2025","passed","Thu Dec 11 22:46:50 UTC 2025","","test_bdd_framework","",""
"Test 336: Sort results by score (highest first)","0","test_sort_by_score_descending","tests","Thu Dec 11 22:46:50 UTC 2025","passed","Thu Dec 11 22:46:50 UTC 2025","","test_results_page","",""
"Test 272: Add participant to session","0","test_add_participant","tests","Thu Dec 11 22:46:50 UTC 2025","passed","Thu Dec 11 22:46:50 UTC 2025","","test_live_session_page","",""
"Test 147: Mark step as failed","0","test_mark_failed","tests","Thu Dec 11 22:46:50 UTC 2025","passed","Thu Dec 11 22:46:50 UTC 2025","","test_dsl","",""
"Test 104: Log error message","0","test_log_error","tests","Thu Dec 11 22:46:51 UTC 2025","passed","Thu Dec 11 22:46:51 UTC 2025","","test_utils","",""
"Test 246: Delete nonexistent question raises ValueError","0","test_delete_nonexistent_question","tests","Thu Dec 11 22:46:50 UTC 2025","passed","Thu Dec 11 22:46:50 UTC 2025","","test_quiz_editor_page","",""
"Test 273: Add multiple participants","0","test_add_multiple_participants","tests","Thu Dec 11 22:46:50 UTC 2025","passed","Thu Dec 11 22:46:50 UTC 2025","","test_live_session_page","",""
"Test 12: Library doesn't contain quiz","0","test_has_quiz_false","tests","Thu Dec 11 22:46:50 UTC 2025","passed","Thu Dec 11 22:46:50 UTC 2025","","test_quiz_library","",""
"Test 165: Parse empty feature raises error","0","test_parse_feature_empty","tests","Thu Dec 11 22:46:50 UTC 2025","passed","Thu Dec 11 22:46:50 UTC 2025","","test_dsl","",""
"Test 210: Filter with non-integer grade raises TypeError","0","test_filter_by_non_integer_grade","tests","Thu Dec 11 22:46:50 UTC 2025","passed","Thu Dec 11 22:46:50 UTC 2025","","test_dashboard_page","",""
"Test 186: Password reset with invalid email","0","test_password_reset_invalid_email","tests","Thu Dec 11 22:46:50 UTC 2025","passed","Thu Dec 11 22:46:50 UTC 2025","","test_login_page","",""
"Test 64: Apply multiple filters","1","test_apply_multiple_filters","tests","Thu Dec 11 22:46:50 UTC 2025","passed","Thu Dec 11 22:46:50 UTC 2025","","test_quiz_search","",""
"Test 104: Log error message","0","test_log_error","tests","Thu Dec 11 22:46:50 UTC 2025","passed","Thu Dec 11 22:46:50 UTC 2025","","test_framework_utils","",""
"Test 360: Download report with no results raises ValueError","0","test_download_report_no_results","tests","Thu Dec 11 22:46:50 UTC 2025","passed","Thu Dec 11 22:46:50 UTC 2025","","test_results_page","",""
"Test 106: Default log level is info","0","test_log_default_level","tests","Thu Dec 11 22:46:51 UTC 2025","passed","Thu Dec 11 22:46:51 UTC 2025","","test_utils","",""
"Test 47: Clear breadcrumbs empties the list","1","test_clear_breadcrumbs","tests","Thu Dec 11 22:46:50 UTC 2025","passed","Thu Dec 11 22:46:50 UTC 2025","","test_subject_categories","",""
"Test 161: Validate empty step returns False","0","test_validate_empty_step","tests","Thu Dec 11 22:46:50 UTC 2025","passed","Thu Dec 11 22:46:50 UTC 2025","","test_bdd_framework","",""
"Test 178: Empty username raises error","0","test_empty_username","tests","Thu Dec 11 22:46:50 UTC 2025","passed","Thu Dec 11 22:46:50 UTC 2025","","test_login_page","",""
"Test 138: Extract keyword from invalid step","0","test_extract_keyword_none","tests","Thu Dec 11 22:46:50 UTC 2025","passed","Thu Dec 11 22:46:50 UTC 2025","","test_dsl","",""
"Test 313: Invalid date format raises ValueError","0","test_set_due_date_invalid_format","tests","Thu Dec 11 22:46:50 UTC 2025","passed","Thu Dec 11 22:46:50 UTC 2025","","test_homework_assign_page","",""
"Test 367: Change language to Spanish","0","test_change_language_to_spanish","tests","Thu Dec 11 22:46:50 UTC 2025","passed","Thu Dec 11 22:46:50 UTC 2025","","test_user_profile_page","",""
"Test 58: Search stores the last query","0","test_search_stores_last_query","tests","Thu Dec 11 22:46:50 UTC 2025","passed","Thu Dec 11 22:46:50 UTC 2025","","test_quiz_search","",""
"Test 148: Reset runner clears executed steps","0","test_reset_runner","tests","Thu Dec 11 22:46:50 UTC 2025","passed","Thu Dec 11 22:46:50 UTC 2025","","test_bdd_framework","",""
"Test 90: Default language is 'en'","0","test_config_default_language","tests","Thu Dec 11 22:46:50 UTC 2025","passed","Thu Dec 11 22:46:50 UTC 2025","","test_framework_utils","",""
"Test 120: Validate non-string URL raises error","0","test_validate_url_non_string","tests","Thu Dec 11 22:46:50 UTC 2025","passed","Thu Dec 11 22:46:50 UTC 2025","","test_framework_utils","",""
"Test 18: Add quiz with ID 0 raises error","0","test_add_invalid_quiz_id_zero","tests","Thu Dec 11 22:46:50 UTC 2025","passed","Thu Dec 11 22:46:50 UTC 2025","","test_quiz_library","",""
"Test 315: Add class with non-string raises TypeError","0","test_add_class_non_string","tests","Thu Dec 11 22:46:50 UTC 2025","passed","Thu Dec 11 22:46:50 UTC 2025","","test_homework_assign_page","",""
"Test 237: Save complete quiz","0","test_save_quiz","tests","Thu Dec 11 22:46:50 UTC 2025","passed","Thu Dec 11 22:46:50 UTC 2025","","test_quiz_editor_page","",""
"Test 347: Load non-list raises TypeError","1","test_load_results_non_list","tests","Thu Dec 11 22:46:50 UTC 2025","passed","Thu Dec 11 22:46:50 UTC 2025","","test_results_page","",""
"Test 226: Add multiple questions","0","test_add_multiple_questions","tests","Thu Dec 11 22:46:50 UTC 2025","passed","Thu Dec 11 22:46:50 UTC 2025","","test_quiz_editor_page","",""
"Test 375: Change name with non-string raises TypeError","1","test_change_name_non_string","tests","Thu Dec 11 22:46:50 UTC 2025","passed","Thu Dec 11 22:46:50 UTC 2025","","test_user_profile_page","",""
"Test 304: Get list of selected classes","0","test_get_selected_classes","tests","Thu Dec 11 22:46:50 UTC 2025","passed","Thu Dec 11 22:46:50 UTC 2025","","test_homework_assign_page","",""
"Test 265: Create live session with quiz ID","0","test_create_live_session","tests","Thu Dec 11 22:46:50 UTC 2025","passed","Thu Dec 11 22:46:50 UTC 2025","","test_live_session_page","",""
"Test 189: Error message from previous attempt","0","test_error_message_cleared_on_successful_login","tests","Thu Dec 11 22:46:50 UTC 2025","passed","Thu Dec 11 22:46:50 UTC 2025","","test_login_page","",""
"Test 87: Format non-string query raises error","0","test_format_query_non_string","tests","Thu Dec 11 22:46:50 UTC 2025","passed","Thu Dec 11 22:46:50 UTC 2025","","test_quiz_search","",""
"Test 142: Run single step","0","test_run_single_step","tests","Thu Dec 11 22:46:50 UTC 2025","passed","Thu Dec 11 22:46:50 UTC 2025","","test_bdd_framework","",""
"Test 325: Homework name whitespace is trimmed","0","test_homework_name_whitespace_trimmed","tests","Thu Dec 11 22:46:50 UTC 2025","passed","Thu Dec 11 22:46:50 UTC 2025","","test_homework_assign_page","",""
"Test 278: End live session","0","test_end_session","tests","Thu Dec 11 22:46:50 UTC 2025","passed","Thu Dec 11 22:46:50 UTC 2025","","test_live_session_page","",""
"Test 268: Copy join code to clipboard","0","test_copy_join_code","tests","Thu Dec 11 22:46:50 UTC 2025","passed","Thu Dec 11 22:46:50 UTC 2025","","test_live_session_page","",""
"Test 43: List subcategories returns topics","0","test_list_subcategories","tests","Thu Dec 11 22:46:50 UTC 2025","passed","Thu Dec 11 22:46:50 UTC 2025","","test_subject_categories","",""
"Test 139: Parse step with single parameter","1","test_parse_parameters_single","tests","Thu Dec 11 22:46:50 UTC 2025","passed","Thu Dec 11 22:46:50 UTC 2025","","test_dsl","",""
"Test 159: Parse whitespace only raises error","0","test_parse_whitespace_only","tests","Thu Dec 11 22:46:50 UTC 2025","passed","Thu Dec 11 22:46:50 UTC 2025","","test_bdd_framework","",""
"Test 193: Search for quiz by name","1","test_search_quiz_by_name","tests","Thu Dec 11 22:46:50 UTC 2025","passed","Thu Dec 11 22:46:50 UTC 2025","","test_dashboard_page","",""
"Test 63: Apply grade level filter","0","test_apply_filter_grade","tests","Thu Dec 11 22:46:50 UTC 2025","passed","Thu Dec 11 22:46:50 UTC 2025","","test_quiz_search","",""
"Test 251: Add media with invalid type raises ValueError","0","test_add_media_invalid_type","tests","Thu Dec 11 22:46:50 UTC 2025","passed","Thu Dec 11 22:46:50 UTC 2025","","test_quiz_editor_page","",""
"Test 94: Set language to French","0","test_set_language_fr","tests","Thu Dec 11 22:46:50 UTC 2025","passed","Thu Dec 11 22:46:50 UTC 2025","","test_framework_utils","",""
"Test 97: Set custom timeout","0","test_set_timeout","tests","Thu Dec 11 22:46:50 UTC 2025","passed","Thu Dec 11 22:46:50 UTC 2025","","test_framework_utils","",""
"Test 160: Parse non-string raises error","0","test_parse_non_string","tests","Thu Dec 11 22:46:50 UTC 2025","passed","Thu Dec 11 22:46:50 UTC 2025","","test_dsl","",""
"Test 21: Add quiz with 0 questions raises error","0","test_add_quiz_zero_questions","tests","Thu Dec 11 22:46:50 UTC 2025","passed","Thu Dec 11 22:46:50 UTC 2025","","test_quiz_library","",""
"Test 220: Search query with whitespace is trimmed","0","test_search_with_whitespace","tests","Thu Dec 11 22:46:50 UTC 2025","passed","Thu Dec 11 22:46:50 UTC 2025","","test_dashboard_page","",""
"Test 333: Student filter is case insensitive","0","test_filter_by_student_case_insensitive","tests","Thu Dec 11 22:46:50 UTC 2025","passed","Thu Dec 11 22:46:50 UTC 2025","","test_results_page","",""
"Test 293: End session before starting raises ValueError","0","test_end_session_before_start","tests","Thu Dec 11 22:46:50 UTC 2025","passed","Thu Dec 11 22:46:50 UTC 2025","","test_live_session_page","",""
"Test 182: Non-string password raises TypeError","0","test_non_string_password","tests","Thu Dec 11 22:46:50 UTC 2025","passed","Thu Dec 11 22:46:50 UTC 2025","","test_login_page","",""
"Test 355: Get result with non-integer ID raises TypeError","1","test_get_result_by_non_integer_id","tests","Thu Dec 11 22:46:50 UTC 2025","passed","Thu Dec 11 22:46:50 UTC 2025","","test_results_page","",""
"Test 106: Default log level is info","1","test_log_default_level","tests","Thu Dec 11 22:46:50 UTC 2025","passed","Thu Dec 11 22:46:50 UTC 2025","","test_framework_utils","",""
"Test 19: Add quiz with negative ID raises error","1","test_add_invalid_quiz_id_negative","tests","Thu Dec 11 22:46:50 UTC 2025","passed","Thu Dec 11 22:46:50 UTC 2025","","test_quiz_library","",""
"Test 280: Create session with non-integer ID raises TypeError","0","test_create_session_non_integer_id","tests","Thu Dec 11 22:46:50 UTC 2025","passed","Thu Dec 11 22:46:50 UTC 2025","","test_live_session_page","",""
"Test 25: Update plays with negative value raises error","0","test_update_plays_negative","tests","Thu Dec 11 22:46:50 UTC 2025","passed","Thu Dec 11 22:46:50 UTC 2025","","test_quiz_library","",""
"Test 83: Apply filter with None value raises error","1","test_apply_filter_none_value","tests","Thu Dec 11 22:46:50 UTC 2025","passed","Thu Dec 11 22:46:50 UTC 2025","","test_quiz_search","",""
"Test 130: Validate Given step","1","test_validate_step_given","tests","Thu Dec 11 22:46:50 UTC 2025","passed","Thu Dec 11 22:46:50 UTC 2025","","test_bdd_framework","",""
"Test 253: Timer below 5 seconds raises ValueError","0","test_set_timer_too_low","tests","Thu Dec 11 22:46:50 UTC 2025","passed","Thu Dec 11 22:46:50 UTC 2025","","test_quiz_editor_page","",""
"Test 206: Loading non-list raises TypeError","0","test_load_quizzes_with_non_list","tests","Thu Dec 11 22:46:50 UTC 2025","passed","Thu Dec 11 22:46:50 UTC 2025","","test_dashboard_page","",""
"Test 391: Name with exactly 2 characters is valid","0","test_name_exactly_2_characters","tests","Thu Dec 11 22:46:51 UTC 2025","passed","Thu Dec 11 22:46:51 UTC 2025","","test_user_profile_page","",""
"Test 135: Validate invalid keyword","0","test_validate_step_invalid_keyword","tests","Thu Dec 11 22:46:50 UTC 2025","passed","Thu Dec 11 22:46:50 UTC 2025","","test_dsl","",""
"Test 4: Remove quiz from library","0","test_remove_quiz","tests","Thu Dec 11 22:46:50 UTC 2025","passed","Thu Dec 11 22:46:50 UTC 2025","","test_quiz_library","",""
"Test 330: Load custom results list","0","test_load_custom_results","tests","Thu Dec 11 22:46:50 UTC 2025","passed","Thu Dec 11 22:46:50 UTC 2025","","test_results_page","",""
"Test 185: Invalid email without dot","0","test_invalid_email_format_no_dot","tests","Thu Dec 11 22:46:50 UTC 2025","passed","Thu Dec 11 22:46:50 UTC 2025","","test_login_page","",""
"Test 108: Validate HTTPS URL","0","test_validate_url_https","tests","Thu Dec 11 22:46:50 UTC 2025","passed","Thu Dec 11 22:46:50 UTC 2025","","test_framework_utils","",""
"Test 45: Breadcrumbs track single category","0","test_breadcrumbs_single_category","tests","Thu Dec 11 22:46:50 UTC 2025","passed","Thu Dec 11 22:46:50 UTC 2025","","test_subject_categories","",""
"Test 143: Run multiple steps","0","test_run_multiple_steps","tests","Thu Dec 11 22:46:50 UTC 2025","passed","Thu Dec 11 22:46:50 UTC 2025","","test_dsl","",""
"Test 67: Validate equal min and max grade","0","test_validate_grade_range_equal","tests","Thu Dec 11 22:46:50 UTC 2025","passed","Thu Dec 11 22:46:50 UTC 2025","","test_quiz_search","",""
"Test 307: Cancel homework assignment","0","test_cancel_assignment","tests","Thu Dec 11 22:46:50 UTC 2025","passed","Thu Dec 11 22:46:50 UTC 2025","","test_homework_assign_page","",""
"Test 358: Export with non-string filename raises TypeError","0","test_export_to_excel_non_string_filename","tests","Thu Dec 11 22:46:50 UTC 2025","passed","Thu Dec 11 22:46:50 UTC 2025","","test_results_page","",""
"Test 379: Change language with non-string raises TypeError","0","test_change_language_non_string","tests","Thu Dec 11 22:46:51 UTC 2025","passed","Thu Dec 11 22:46:51 UTC 2025","","test_user_profile_page","",""
"Test 55: Add category with spaces in name","1","test_add_category_with_spaces","tests","Thu Dec 11 22:46:50 UTC 2025","passed","Thu Dec 11 22:46:50 UTC 2025","","test_subject_categories","",""
"Test 157: Initial feature count is 0","0","test_feature_count_initial","tests","Thu Dec 11 22:46:50 UTC 2025","passed","Thu Dec 11 22:46:50 UTC 2025","","test_bdd_framework","",""
"Test 109: Format time in seconds","0","test_format_time_seconds","tests","Thu Dec 11 22:46:50 UTC 2025","passed","Thu Dec 11 22:46:50 UTC 2025","","test_framework_utils","",""
"Test 266: Start live session","0","test_start_live_session","tests","Thu Dec 11 22:46:50 UTC 2025","passed","Thu Dec 11 22:46:50 UTC 2025","","test_live_session_page","",""
"Test 52: Remove an existing category","0","test_remove_existing_category","tests","Thu Dec 11 22:46:50 UTC 2025","passed","Thu Dec 11 22:46:50 UTC 2025","","test_subject_categories","",""
"Test 102: Log info message","0","test_log_info","tests","Thu Dec 11 22:46:50 UTC 2025","passed","Thu Dec 11 22:46:50 UTC 2025","","test_framework_utils","",""
"Test 112: Parse valid JSON string","0","test_parse_json_valid","tests","Thu Dec 11 22:46:51 UTC 2025","passed","Thu Dec 11 22:46:51 UTC 2025","","test_utils","",""
"Test 163: Mark non-executed step as failed raises error","1","test_mark_failed_not_executed","tests","Thu Dec 11 22:46:50 UTC 2025","passed","Thu Dec 11 22:46:50 UTC 2025","","test_bdd_framework","",""
"Test 153: Parse single line feature","0","test_parse_feature_single_line","tests","Thu Dec 11 22:46:50 UTC 2025","passed","Thu Dec 11 22:46:50 UTC 2025","","test_dsl","",""
"Test 135: Validate invalid keyword","1","test_validate_step_invalid_keyword","tests","Thu Dec 11 22:46:50 UTC 2025","passed","Thu Dec 11 22:46:50 UTC 2025","","test_bdd_framework","",""
"Test 172: Send password reset with valid email","0","test_password_reset_valid_email","tests","Thu Dec 11 22:46:50 UTC 2025","passed","Thu Dec 11 22:46:50 UTC 2025","","test_login_page","",""
"Test 132: Validate Then step","0","test_validate_step_then","tests","Thu Dec 11 22:46:50 UTC 2025","passed","Thu Dec 11 22:46:50 UTC 2025","","test_bdd_framework","",""
"Test 145: Get executed steps when none run","0","test_get_executed_steps_empty","tests","Thu Dec 11 22:46:50 UTC 2025","passed","Thu Dec 11 22:46:50 UTC 2025","","test_dsl","",""
"Test 126: Format 0 seconds","0","test_format_time_zero","tests","Thu Dec 11 22:46:51 UTC 2025","passed","Thu Dec 11 22:46:51 UTC 2025","","test_utils","",""
"Test 103: Log warning message","0","test_log_warning","tests","Thu Dec 11 22:46:51 UTC 2025","passed","Thu Dec 11 22:46:51 UTC 2025","","test_utils","",""
"Test 93: Set language to Spanish","0","test_set_language_es","tests","Thu Dec 11 22:46:50 UTC 2025","passed","Thu Dec 11 22:46:50 UTC 2025","","test_framework_utils","",""
"Test 119: Log with invalid level raises error","0","test_log_invalid_level","tests","Thu Dec 11 22:46:51 UTC 2025","passed","Thu Dec 11 22:46:51 UTC 2025","","test_utils","",""
"Test 80: Sort with invalid order raises error","0","test_sort_invalid_order","tests","Thu Dec 11 22:46:50 UTC 2025","passed","Thu Dec 11 22:46:50 UTC 2025","","test_quiz_search","",""
"Test 321: Assign without homework name raises ValueError","0","test_assign_homework_without_name","tests","Thu Dec 11 22:46:50 UTC 2025","passed","Thu Dec 11 22:46:50 UTC 2025","","test_homework_assign_page","",""
"Test 41: Open Science category","0","test_open_category_science","tests","Thu Dec 11 22:46:50 UTC 2025","passed","Thu Dec 11 22:46:50 UTC 2025","","test_subject_categories","",""
"Test 9: Library is empty returns True","0","test_is_empty_true","tests","Thu Dec 11 22:46:50 UTC 2025","passed","Thu Dec 11 22:46:50 UTC 2025","","test_quiz_library","",""
"Test 79: Search with non-string raises error","0","test_search_non_string","tests","Thu Dec 11 22:46:50 UTC 2025","passed","Thu Dec 11 22:46:50 UTC 2025","","test_quiz_search","",""
"Test 350: Filter with non-number accuracy raises TypeError","0","test_filter_by_accuracy_non_number","tests","Thu Dec 11 22:46:50 UTC 2025","passed","Thu Dec 11 22:46:50 UTC 2025","","test_results_page","",""
"Test 281: Get join code before starting raises ValueError","0","test_get_join_code_before_start","tests","Thu Dec 11 22:46:50 UTC 2025","passed","Thu Dec 11 22:46:50 UTC 2025","","test_live_session_page","",""
"Test 116: Set negative timeout raises error","0","test_set_timeout_negative","tests","Thu Dec 11 22:46:50 UTC 2025","passed","Thu Dec 11 22:46:50 UTC 2025","","test_framework_utils","",""
"Test 328: Summary shows is_assigned as False before assignment","0","test_assignment_summary_before_assignment","tests","Thu Dec 11 22:46:50 UTC 2025","passed","Thu Dec 11 22:46:50 UTC 2025","","test_homework_assign_page","",""
"Test 373: Reset profile to defaults","0","test_reset_to_defaults","tests","Thu Dec 11 22:46:50 UTC 2025","passed","Thu Dec 11 22:46:50 UTC 2025","","test_user_profile_page","",""
"Test 346: Get active filters","0","test_get_active_filters","tests","Thu Dec 11 22:46:50 UTC 2025","passed","Thu Dec 11 22:46:50 UTC 2025","","test_results_page","",""
"Test 81: Sort with empty string raises error","0","test_sort_empty_string","tests","Thu Dec 11 22:46:50 UTC 2025","passed","Thu Dec 11 22:46:50 UTC 2025","","test_quiz_search","",""
"Test 195: Filter quizzes by Math subject","0","test_filter_by_subject_math","tests","Thu Dec 11 22:46:50 UTC 2025","passed","Thu Dec 11 22:46:50 UTC 2025","","test_dashboard_page","",""
"Test 164: Parse non-string feature raises error","0","test_parse_feature_non_string","tests","Thu Dec 11 22:46:50 UTC 2025","passed","Thu Dec 11 22:46:50 UTC 2025","","test_bdd_framework","",""
"Test 290: Start quiz before session raises ValueError","0","test_start_quiz_before_session","tests","Thu Dec 11 22:46:50 UTC 2025","passed","Thu Dec 11 22:46:50 UTC 2025","","test_live_session_page","",""
"Test 69: Format query to uppercase","0","test_format_query_uppercase","tests","Thu Dec 11 22:46:50 UTC 2025","passed","Thu Dec 11 22:46:50 UTC 2025","","test_quiz_search","",""
"Test 357: Export with no results raises ValueError","0","test_export_to_excel_no_results","tests","Thu Dec 11 22:46:50 UTC 2025","passed","Thu Dec 11 22:46:50 UTC 2025","","test_results_page","",""
"Test 62: Apply subject filter","0","test_apply_filter_subject","tests","Thu Dec 11 22:46:50 UTC 2025","passed","Thu Dec 11 22:46:50 UTC 2025","","test_quiz_search","",""
"Test 100: Get full configuration","1","test_get_config","tests","Thu Dec 11 22:46:51 UTC 2025","passed","Thu Dec 11 22:46:51 UTC 2025","","test_utils","",""
"Test 344: Get statistical summary","0","test_get_statistics","tests","Thu Dec 11 22:46:50 UTC 2025","passed","Thu Dec 11 22:46:50 UTC 2025","","test_results_page","",""
"Test 303: Remove class from assignment","0","test_remove_class","tests","Thu Dec 11 22:46:50 UTC 2025","passed","Thu Dec 11 22:46:50 UTC 2025","","test_homework_assign_page","",""
"Test 101: Reset configuration to defaults","0","test_config_reset","tests","Thu Dec 11 22:46:51 UTC 2025","passed","Thu Dec 11 22:46:51 UTC 2025","","test_utils","",""
"Test 200: Click Create Quiz button","0","test_click_create_quiz_button","tests","Thu Dec 11 22:46:50 UTC 2025","passed","Thu Dec 11 22:46:50 UTC 2025","","test_dashboard_page","",""
"Test 162: Run with non-list raises error","0","test_run_non_list","tests","Thu Dec 11 22:46:50 UTC 2025","passed","Thu Dec 11 22:46:50 UTC 2025","","test_dsl","",""
"Test 306: Assign homework successfully","1","test_assign_homework","tests","Thu Dec 11 22:46:50 UTC 2025","passed","Thu Dec 11 22:46:50 UTC 2025","","test_homework_assign_page","",""
"Test 117: Set headless to non-boolean raises error","0","test_set_headless_non_boolean","tests","Thu Dec 11 22:46:51 UTC 2025","passed","Thu Dec 11 22:46:51 UTC 2025","","test_utils","",""
"Test 126: Format 0 seconds","0","test_format_time_zero","tests","Thu Dec 11 22:46:50 UTC 2025","passed","Thu Dec 11 22:46:50 UTC 2025","","test_framework_utils","",""
"Test 286: Add participant with empty name raises ValueError","0","test_add_participant_empty_name","tests","Thu Dec 11 22:46:50 UTC 2025","passed","Thu Dec 11 22:46:50 UTC 2025","","test_live_session_page","",""
"Test 364: Filter accuracy accepts float values","0","test_filter_accuracy_with_float","tests","Thu Dec 11 22:46:50 UTC 2025","passed","Thu Dec 11 22:46:50 UTC 2025","","test_results_page","",""
"Test 62: Breadcrumbs are empty before opening any category","0","test_breadcrumbs_before_opening","tests","Thu Dec 11 22:46:50 UTC 2025","passed","Thu Dec 11 22:46:50 UTC 2025","","test_subject_categories","",""
"Test 114: Set invalid browser raises error","0","test_set_browser_invalid","tests","Thu Dec 11 22:46:51 UTC 2025","passed","Thu Dec 11 22:46:51 UTC 2025","","test_utils","",""
"Test 137: Extract When keyword","0","test_extract_keyword_when","tests","Thu Dec 11 22:46:50 UTC 2025","passed","Thu Dec 11 22:46:50 UTC 2025","","test_bdd_framework","",""
"Test 365: Create user profile page","0","test_create_user_profile","tests","Thu Dec 11 22:46:50 UTC 2025","passed","Thu Dec 11 22:46:50 UTC 2025","","test_user_profile_page","",""
"Test 76: Format mixed case query","0","test_format_query_mixed_case","tests","Thu Dec 11 22:46:50 UTC 2025","passed","Thu Dec 11 22:46:50 UTC 2025","","test_quiz_search","",""
"Test 118: Log non-string message raises error","0","test_log_non_string","tests","Thu Dec 11 22:46:51 UTC 2025","passed","Thu Dec 11 22:46:51 UTC 2025","","test_utils","",""
"Test 91: Default browser is 'chrome'","0","test_config_default_browser","tests","Thu Dec 11 22:46:51 UTC 2025","passed","Thu Dec 11 22:46:51 UTC 2025","","test_utils","",""
"Test 294: Each session generates different join code","0","test_join_code_uniqueness","tests","Thu Dec 11 22:46:50 UTC 2025","passed","Thu Dec 11 22:46:50 UTC 2025","","test_live_session_page","",""
"Test 316: Empty class name raises ValueError","0","test_add_class_empty","tests","Thu Dec 11 22:46:50 UTC 2025","passed","Thu Dec 11 22:46:50 UTC 2025","","test_homework_assign_page","",""
"Test 387: Avatar URL whitespace is trimmed","0","test_avatar_url_whitespace_trimmed","tests","Thu Dec 11 22:46:51 UTC 2025","passed","Thu Dec 11 22:46:51 UTC 2025","","test_user_profile_page","",""
"Test 214: Click create button before loading raises ValueError","0","test_create_quiz_before_load","tests","Thu Dec 11 22:46:50 UTC 2025","passed","Thu Dec 11 22:46:50 UTC 2025","","test_dashboard_page","",""
"Test 196: Filter quizzes by grade level","0","test_filter_by_grade","tests","Thu Dec 11 22:46:50 UTC 2025","passed","Thu Dec 11 22:46:50 UTC 2025","","test_dashboard_page","",""
"Test 211: Grade below 1 raises ValueError","0","test_filter_by_grade_too_low","tests","Thu Dec 11 22:46:50 UTC 2025","passed","Thu Dec 11 22:46:50 UTC 2025","","test_dashboard_page","",""
"Test 221: Filter with no matches returns empty list","1","test_filter_returns_empty_list_no_match","tests","Thu Dec 11 22:46:50 UTC 2025","passed","Thu Dec 11 22:46:50 UTC 2025","","test_dashboard_page","",""
"Test 127: Format perfect score (100%)","0","test_format_score_perfect","tests","Thu Dec 11 22:46:51 UTC 2025","passed","Thu Dec 11 22:46:51 UTC 2025","","test_utils","",""
"Test 110: Format time in minutes","0","test_format_time_minutes","tests","Thu Dec 11 22:46:51 UTC 2025","passed","Thu Dec 11 22:46:51 UTC 2025","","test_utils","",""
"Test 112: Parse valid JSON string","0","test_parse_json_valid","tests","Thu Dec 11 22:46:50 UTC 2025","passed","Thu Dec 11 22:46:50 UTC 2025","","test_framework_utils","",""
"Test 329: Load default results","0","test_load_default_results","tests","Thu Dec 11 22:46:50 UTC 2025","passed","Thu Dec 11 22:46:50 UTC 2025","","test_results_page","",""
"Test 318: Remove nonexistent class raises ValueError","1","test_remove_nonexistent_class","tests","Thu Dec 11 22:46:50 UTC 2025","passed","Thu Dec 11 22:46:50 UTC 2025","","test_homework_assign_page","",""
"Test 74: Filter value is overwritten","0","test_filter_overwrite","tests","Thu Dec 11 22:46:50 UTC 2025","passed","Thu Dec 11 22:46:50 UTC 2025","","test_quiz_search","",""
"Test 314: Due date in past raises ValueError","1","test_set_due_date_in_past","tests","Thu Dec 11 22:46:50 UTC 2025","passed","Thu Dec 11 22:46:50 UTC 2025","","test_homework_assign_page","",""
"Test 89: Get last query before any search returns None","0","test_get_last_query_before_search","tests","Thu Dec 11 22:46:50 UTC 2025","passed","Thu Dec 11 22:46:50 UTC 2025","","test_quiz_search","",""
"Test 359: Export with wrong extension raises ValueError","0","test_export_to_excel_invalid_extension","tests","Thu Dec 11 22:46:50 UTC 2025","passed","Thu Dec 11 22:46:50 UTC 2025","","test_results_page","",""
"Test 96: Set browser to Firefox","0","test_set_browser_firefox","tests","Thu Dec 11 22:46:51 UTC 2025","passed","Thu Dec 11 22:46:51 UTC 2025","","test_utils","",""
"Test 65: Clear all filters","0","test_clear_filters","tests","Thu Dec 11 22:46:50 UTC 2025","passed","Thu Dec 11 22:46:50 UTC 2025","","test_quiz_search","",""
"Test 338: Sort results by student name","0","test_sort_by_student","tests","Thu Dec 11 22:46:50 UTC 2025","passed","Thu Dec 11 22:46:50 UTC 2025","","test_results_page","",""
"Test 85: Validate grade above 12 raises error","0","test_validate_grade_range_too_high","tests","Thu Dec 11 22:46:50 UTC 2025","passed","Thu Dec 11 22:46:50 UTC 2025","","test_quiz_search","",""
"Test 57: Adding duplicate category raises ValueError","0","test_add_duplicate_category","tests","Thu Dec 11 22:46:50 UTC 2025","passed","Thu Dec 11 22:46:50 UTC 2025","","test_subject_categories","",""
"Test 247: Add answer to nonexistent question raises ValueError","0","test_add_answer_to_nonexistent_question","tests","Thu Dec 11 22:46:50 UTC 2025","passed","Thu Dec 11 22:46:50 UTC 2025","","test_quiz_editor_page","",""
"Test 212: Grade above 12 raises ValueError","1","test_filter_by_grade_too_high","tests","Thu Dec 11 22:46:50 UTC 2025","passed","Thu Dec 11 22:46:50 UTC 2025","","test_dashboard_page","",""
"Test 155: Parse feature strips whitespace","0","test_parse_feature_strips_whitespace","tests","Thu Dec 11 22:46:50 UTC 2025","passed","Thu Dec 11 22:46:50 UTC 2025","","test_bdd_framework","",""
"Test 77: Search with empty string raises error","0","test_search_empty_string","tests","Thu Dec 11 22:46:50 UTC 2025","passed","Thu Dec 11 22:46:50 UTC 2025","","test_quiz_search","",""
"Test 94: Set language to French","0","test_set_language_fr","tests","Thu Dec 11 22:46:51 UTC 2025","passed","Thu Dec 11 22:46:51 UTC 2025","","test_utils","",""
"Test 218: Delete nonexistent quiz raises ValueError","0","test_delete_nonexistent_quiz","tests","Thu Dec 11 22:46:50 UTC 2025","passed","Thu Dec 11 22:46:50 UTC 2025","","test_dashboard_page","",""
"Test 175: Login with Microsoft OAuth","0","test_login_with_microsoft_oauth","tests","Thu Dec 11 22:46:50 UTC 2025","passed","Thu Dec 11 22:46:50 UTC 2025","","test_login_page","",""
"Test 61: Sort quizzes by plays descending","1","test_sort_by_plays_descending","tests","Thu Dec 11 22:46:50 UTC 2025","passed","Thu Dec 11 22:46:50 UTC 2025","","test_quiz_search","",""
"Test 113: Set invalid language raises error","1","test_set_language_invalid","tests","Thu Dec 11 22:46:51 UTC 2025","passed","Thu Dec 11 22:46:51 UTC 2025","","test_utils","",""
"Test 299: Set homework name","0","test_set_homework_name","tests","Thu Dec 11 22:46:50 UTC 2025","passed","Thu Dec 11 22:46:50 UTC 2025","","test_homework_assign_page","",""
"Test 49: Invalid category returns False","0","test_is_valid_category_invalid","tests","Thu Dec 11 22:46:50 UTC 2025","passed","Thu Dec 11 22:46:50 UTC 2025","","test_subject_categories","",""
"Test 283: Share join code before starting raises ValueError","1","test_share_join_code_before_start","tests","Thu Dec 11 22:46:50 UTC 2025","passed","Thu Dec 11 22:46:50 UTC 2025","","test_live_session_page","",""
"Test 235: Remove media from question","1","test_remove_media","tests","Thu Dec 11 22:46:50 UTC 2025","passed","Thu Dec 11 22:46:50 UTC 2025","","test_quiz_editor_page","",""
"Test 233: Add image to question","0","test_add_image_media","tests","Thu Dec 11 22:46:50 UTC 2025","passed","Thu Dec 11 22:46:50 UTC 2025","","test_quiz_editor_page","",""
"Test 50: Default category count is 5","0","test_get_category_count_default","tests","Thu Dec 11 22:46:50 UTC 2025","passed","Thu Dec 11 22:46:50 UTC 2025","","test_subject_categories","",""
"Test 289: Remove nonexistent participant raises ValueError","0","test_remove_nonexistent_participant","tests","Thu Dec 11 22:46:50 UTC 2025","passed","Thu Dec 11 22:46:50 UTC 2025","","test_live_session_page","",""
"Test 88: Get cached results for non-existent query returns None","1","test_get_cached_results_nonexistent","tests","Thu Dec 11 22:46:50 UTC 2025","passed","Thu Dec 11 22:46:50 UTC 2025","","test_quiz_search","",""
"Test 154: Parse multi-line feature","0","test_parse_feature_multiple_lines","tests","Thu Dec 11 22:46:50 UTC 2025","passed","Thu Dec 11 22:46:50 UTC 2025","","test_dsl","",""
"Test 227: Edit question text","0","test_edit_question_text","tests","Thu Dec 11 22:46:50 UTC 2025","passed","Thu Dec 11 22:46:50 UTC 2025","","test_quiz_editor_page","",""
"Test 201: Get specific quiz by ID","1","test_get_quiz_by_id","tests","Thu Dec 11 22:46:50 UTC 2025","passed","Thu Dec 11 22:46:50 UTC 2025","","test_dashboard_page","",""
"Test 129: Parse two words","0","test_parse_two_words","tests","Thu Dec 11 22:46:50 UTC 2025","passed","Thu Dec 11 22:46:50 UTC 2025","","test_bdd_framework","",""
"Test 353: Filter by non-integer question raises TypeError","0","test_filter_by_question_non_integer","tests","Thu Dec 11 22:46:50 UTC 2025","passed","Thu Dec 11 22:46:50 UTC 2025","","test_results_page","",""
"Test 335: Filter by specific question","0","test_filter_by_question","tests","Thu Dec 11 22:46:50 UTC 2025","passed","Thu Dec 11 22:46:50 UTC 2025","","test_results_page","",""
"Test 177: Error message displayed on failed login","0","test_error_message_on_failed_login","tests","Thu Dec 11 22:46:50 UTC 2025","passed","Thu Dec 11 22:46:50 UTC 2025","","test_login_page","",""
"Test 326: Class name whitespace is trimmed","0","test_class_name_whitespace_trimmed","tests","Thu Dec 11 22:46:50 UTC 2025","passed","Thu Dec 11 22:46:50 UTC 2025","","test_homework_assign_page","",""
"Test 225: Add a new question","1","test_add_question","tests","Thu Dec 11 22:46:50 UTC 2025","passed","Thu Dec 11 22:46:50 UTC 2025","","test_quiz_editor_page","",""
"Test 352: Accuracy over 100 raises ValueError","0","test_filter_by_accuracy_over_100","tests","Thu Dec 11 22:46:50 UTC 2025","passed","Thu Dec 11 22:46:50 UTC 2025","","test_results_page","",""
"Test 99: Disable headless mode","0","test_set_headless_false","tests","Thu Dec 11 22:46:51 UTC 2025","passed","Thu Dec 11 22:46:51 UTC 2025","","test_utils","",""
"Test 291: Start quiz without participants raises ValueError","1","test_start_quiz_without_participants","tests","Thu Dec 11 22:46:50 UTC 2025","passed","Thu Dec 11 22:46:50 UTC 2025","","test_live_session_page","",""
"Test 170: Check redirect URL after successful login","0","test_redirect_after_login","tests","Thu Dec 11 22:46:50 UTC 2025","passed","Thu Dec 11 22:46:50 UTC 2025","","test_login_page","",""
"Test 161: Validate empty step returns False","0","test_validate_empty_step","tests","Thu Dec 11 22:46:50 UTC 2025","passed","Thu Dec 11 22:46:50 UTC 2025","","test_dsl","",""
"Test 190: Username is stored after entry","0","test_username_stored_after_entry","tests","Thu Dec 11 22:46:50 UTC 2025","passed","Thu Dec 11 22:46:50 UTC 2025","","test_login_page","",""
"Test 285: Add participant with non-string name raises TypeError","0","test_add_participant_non_string","tests","Thu Dec 11 22:46:50 UTC 2025","passed","Thu Dec 11 22:46:50 UTC 2025","","test_live_session_page","",""
"Test 181: Non-string username raises TypeError","0","test_non_string_username","tests","Thu Dec 11 22:46:50 UTC 2025","passed","Thu Dec 11 22:46:50 UTC 2025","","test_login_page","",""
"Test 368: Change language to French","0","test_change_language_to_french","tests","Thu Dec 11 22:46:50 UTC 2025","passed","Thu Dec 11 22:46:50 UTC 2025","","test_user_profile_page","",""
"Test 93: Set language to Spanish","0","test_set_language_es","tests","Thu Dec 11 22:46:51 UTC 2025","passed","Thu Dec 11 22:46:51 UTC 2025","","test_utils","",""
"Test 383: Invalid avatar URL raises ValueError","0","test_change_avatar_invalid_url","tests","Thu Dec 11 22:46:51 UTC 2025","passed","Thu Dec 11 22:46:51 UTC 2025","","test_user_profile_page","",""
"Test 92: Set language to English","0","test_set_language_en","tests","Thu Dec 11 22:46:51 UTC 2025","passed","Thu Dec 11 22:46:51 UTC 2025","","test_utils","",""
"Test 259: Save quiz with less than 2 answers raises ValueError","0","test_save_quiz_with_insufficient_answers","tests","Thu Dec 11 22:46:50 UTC 2025","passed","Thu Dec 11 22:46:50 UTC 2025","","test_quiz_editor_page","",""
"Test 238: Get specific question","0","test_get_question_by_id","tests","Thu Dec 11 22:46:50 UTC 2025","passed","Thu Dec 11 22:46:50 UTC 2025","","test_quiz_editor_page","",""
"Test 197: Sort quizzes by date (newest first)","0","test_sort_by_date","tests","Thu Dec 11 22:46:50 UTC 2025","passed","Thu Dec 11 22:46:50 UTC 2025","","test_dashboard_page","",""
"Test 153: Parse single line feature","0","test_parse_feature_single_line","tests","Thu Dec 11 22:46:50 UTC 2025","passed","Thu Dec 11 22:46:50 UTC 2025","","test_bdd_framework","",""
"Test 148: Reset runner clears executed steps","0","test_reset_runner","tests","Thu Dec 11 22:46:50 UTC 2025","passed","Thu Dec 11 22:46:50 UTC 2025","","test_dsl","",""
"Test 24: Update plays for non-existent quiz raises error","1","test_update_plays_nonexistent_quiz","tests","Thu Dec 11 22:46:50 UTC 2025","passed","Thu Dec 11 22:46:50 UTC 2025","","test_quiz_library","",""
"Test 180: Whitespace-only username raises error","0","test_whitespace_username","tests","Thu Dec 11 22:46:50 UTC 2025","passed","Thu Dec 11 22:46:50 UTC 2025","","test_login_page","",""
"Test 378: Name longer than 50 characters raises ValueError","0","test_change_name_too_long","tests","Thu Dec 11 22:46:51 UTC 2025","passed","Thu Dec 11 22:46:51 UTC 2025","","test_user_profile_page","",""
"Test 118: Log non-string message raises error","1","test_log_non_string","tests","Thu Dec 11 22:46:50 UTC 2025","passed","Thu Dec 11 22:46:50 UTC 2025","","test_framework_utils","",""
"Test 129: Parse two words","0","test_parse_two_words","tests","Thu Dec 11 22:46:50 UTC 2025","passed","Thu Dec 11 22:46:50 UTC 2025","","test_dsl","",""
"Test 345: Clear all filters","0","test_clear_filters","tests","Thu Dec 11 22:46:50 UTC 2025","passed","Thu Dec 11 22:46:50 UTC 2025","","test_results_page","",""
"Test 120: Validate non-string URL raises error","1","test_validate_url_non_string","tests","Thu Dec 11 22:46:51 UTC 2025","passed","Thu Dec 11 22:46:51 UTC 2025","","test_utils","",""
"Test 389: Multiple changes before saving","0","test_multiple_changes_before_save","tests","Thu Dec 11 22:46:51 UTC 2025","passed","Thu Dec 11 22:46:51 UTC 2025","","test_user_profile_page","",""
"Test 131: Validate When step","0","test_validate_step_when","tests","Thu Dec 11 22:46:50 UTC 2025","passed","Thu Dec 11 22:46:50 UTC 2025","","test_bdd_framework","",""
"Test 297: Participant count updates after removal","0","test_participant_count_after_removal","tests","Thu Dec 11 22:46:50 UTC 2025","passed","Thu Dec 11 22:46:50 UTC 2025","","test_live_session_page","",""
"Test 3: Add quiz with question count","0","test_add_quiz_with_questions","tests","Thu Dec 11 22:46:50 UTC 2025","passed","Thu Dec 11 22:46:50 UTC 2025","","test_quiz_library","",""
"Test 159: Parse whitespace only raises error","0","test_parse_whitespace_only","tests","Thu Dec 11 22:46:50 UTC 2025","passed","Thu Dec 11 22:46:50 UTC 2025","","test_dsl","",""
"Test 48: Math is a valid category","0","test_is_valid_category_math","tests","Thu Dec 11 22:46:50 UTC 2025","passed","Thu Dec 11 22:46:50 UTC 2025","","test_subject_categories","",""
"Test 174: Login with Google OAuth","1","test_login_with_google_oauth","tests","Thu Dec 11 22:46:50 UTC 2025","passed","Thu Dec 11 22:46:50 UTC 2025","","test_login_page","",""
"Test 292: Next question before starting quiz raises ValueError","0","test_next_question_before_start","tests","Thu Dec 11 22:46:50 UTC 2025","passed","Thu Dec 11 22:46:50 UTC 2025","","test_live_session_page","",""
"Test 371: Get profile information","0","test_get_profile","tests","Thu Dec 11 22:46:50 UTC 2025","passed","Thu Dec 11 22:46:50 UTC 2025","","test_user_profile_page","",""
"Test 115: Set timeout to 0 raises error","0","test_set_timeout_zero","tests","Thu Dec 11 22:46:50 UTC 2025","passed","Thu Dec 11 22:46:50 UTC 2025","","test_framework_utils","",""
"Test 224: Set quiz name","0","test_set_quiz_name","tests","Thu Dec 11 22:46:50 UTC 2025","passed","Thu Dec 11 22:46:50 UTC 2025","","test_quiz_editor_page","",""
"Test 121: Validate URL with invalid protocol","0","test_validate_url_invalid_protocol","tests","Thu Dec 11 22:46:50 UTC 2025","passed","Thu Dec 11 22:46:50 UTC 2025","","test_framework_utils","",""
"Test 53: Current category persists after multiple operations","0","test_category_state_persistence","tests","Thu Dec 11 22:46:50 UTC 2025","passed","Thu Dec 11 22:46:50 UTC 2025","","test_subject_categories","",""
"Test 115: Set timeout to 0 raises error","0","test_set_timeout_zero","tests","Thu Dec 11 22:46:51 UTC 2025","passed","Thu Dec 11 22:46:51 UTC 2025","","test_utils","",""
"Test 124: Format negative time raises error","0","test_format_time_negative","tests","Thu Dec 11 22:46:50 UTC 2025","passed","Thu Dec 11 22:46:50 UTC 2025","","test_framework_utils","",""
"Test 240: Empty quiz name raises ValueError","0","test_set_quiz_name_empty","tests","Thu Dec 11 22:46:50 UTC 2025","passed","Thu Dec 11 22:46:50 UTC 2025","","test_quiz_editor_page","",""
"Test 295: Participant name whitespace is trimmed","1","test_participant_name_whitespace_trimmed","tests","Thu Dec 11 22:46:50 UTC 2025","passed","Thu Dec 11 22:46:50 UTC 2025","","test_live_session_page","",""
"Test 370: Remove user avatar","0","test_remove_avatar","tests","Thu Dec 11 22:46:50 UTC 2025","passed","Thu Dec 11 22:46:50 UTC 2025","","test_user_profile_page","",""
"Test 59: Search results are cached","0","test_search_caches_results","tests","Thu Dec 11 22:46:50 UTC 2025","passed","Thu Dec 11 22:46:50 UTC 2025","","test_quiz_search","",""
"Test 361: Statistics with empty results","0","test_get_statistics_empty_results","tests","Thu Dec 11 22:46:50 UTC 2025","passed","Thu Dec 11 22:46:50 UTC 2025","","test_results_page","",""
"Test 144: Get executed steps list","0","test_get_executed_steps","tests","Thu Dec 11 22:46:50 UTC 2025","passed","Thu Dec 11 22:46:50 UTC 2025","","test_bdd_framework","",""
"Test 73: Validate boundary grades (1 and 12)","0","test_validate_boundary_grades","tests","Thu Dec 11 22:46:50 UTC 2025","passed","Thu Dec 11 22:46:50 UTC 2025","","test_quiz_search","",""
"Test 139: Parse step with single parameter","0","test_parse_parameters_single","tests","Thu Dec 11 22:46:50 UTC 2025","passed","Thu Dec 11 22:46:50 UTC 2025","","test_bdd_framework","",""
"Test 95: Set browser to Chrome","0","test_set_browser_chrome","tests","Thu Dec 11 22:46:50 UTC 2025","passed","Thu Dec 11 22:46:50 UTC 2025","","test_framework_utils","",""
"Test 377: Name shorter than 2 characters raises ValueError","0","test_change_name_too_short","tests","Thu Dec 11 22:46:51 UTC 2025","passed","Thu Dec 11 22:46:51 UTC 2025","","test_user_profile_page","",""
"Test 232: Mark answer as incorrect","0","test_set_incorrect_answer","tests","Thu Dec 11 22:46:50 UTC 2025","passed","Thu Dec 11 22:46:50 UTC 2025","","test_quiz_editor_page","",""
"Test 194: Empty search returns all quizzes","0","test_search_returns_all_on_empty_query","tests","Thu Dec 11 22:46:50 UTC 2025","passed","Thu Dec 11 22:46:50 UTC 2025","","test_dashboard_page","",""
"Test 179: Empty password raises error","1","test_empty_password","tests","Thu Dec 11 22:46:50 UTC 2025","passed","Thu Dec 11 22:46:50 UTC 2025","","test_login_page","",""
"Test 209: Filter with non-string subject raises TypeError","0","test_filter_by_non_string_subject","tests","Thu Dec 11 22:46:50 UTC 2025","passed","Thu Dec 11 22:46:50 UTC 2025","","test_dashboard_page","",""
"Test 204: Clear all active filters","0","test_clear_filters","tests","Thu Dec 11 22:46:50 UTC 2025","passed","Thu Dec 11 22:46:50 UTC 2025","","test_dashboard_page","",""
"Test 343: Download PDF report","0","test_download_report","tests","Thu Dec 11 22:46:50 UTC 2025","passed","Thu Dec 11 22:46:50 UTC 2025","","test_results_page","",""
"Test 59: Adding None category raises error","0","test_add_none_category","tests","Thu Dec 11 22:46:50 UTC 2025","passed","Thu Dec 11 22:46:50 UTC 2025","","test_subject_categories","",""
"Test 308: Get assignment summary","0","test_get_assignment_summary","tests","Thu Dec 11 22:46:50 UTC 2025","passed","Thu Dec 11 22:46:50 UTC 2025","","test_homework_assign_page","",""
"Test 146: Get failed steps when none failed","0","test_get_failed_steps_empty","tests","Thu Dec 11 22:46:50 UTC 2025","passed","Thu Dec 11 22:46:50 UTC 2025","","test_bdd_framework","",""
"Test 216: Get quiz with nonexistent ID returns None","1","test_get_quiz_by_nonexistent_id","tests","Thu Dec 11 22:46:50 UTC 2025","passed","Thu Dec 11 22:46:50 UTC 2025","","test_dashboard_page","",""
"Test 146: Get failed steps when none failed","0","test_get_failed_steps_empty","tests","Thu Dec 11 22:46:50 UTC 2025","passed","Thu Dec 11 22:46:50 UTC 2025","","test_dsl","",""
"Test 149: Reset clears failed steps","0","test_reset_clears_failed","tests","Thu Dec 11 22:46:50 UTC 2025","passed","Thu Dec 11 22:46:50 UTC 2025","","test_dsl","",""
"Test 119: Log with invalid level raises error","0","test_log_invalid_level","tests","Thu Dec 11 22:46:50 UTC 2025","passed","Thu Dec 11 22:46:50 UTC 2025","","test_framework_utils","",""
"Test 128: Parse simple step text","0","test_parse_simple_step","tests","Thu Dec 11 22:46:50 UTC 2025","passed","Thu Dec 11 22:46:50 UTC 2025","","test_dsl","",""
"Test 125: Parse invalid JSON raises error","0","test_parse_json_invalid","tests","Thu Dec 11 22:46:50 UTC 2025","passed","Thu Dec 11 22:46:50 UTC 2025","","test_framework_utils","",""
"Test 91: Default browser is 'chrome'","0","test_config_default_browser","tests","Thu Dec 11 22:46:50 UTC 2025","passed","Thu Dec 11 22:46:50 UTC 2025","","test_framework_utils","",""
"Test 66: Validate valid grade range","0","test_validate_grade_range_valid","tests","Thu Dec 11 22:46:50 UTC 2025","passed","Thu Dec 11 22:46:50 UTC 2025","","test_quiz_search","",""
"Test 320: Set instructions with non-string raises TypeError","0","test_set_instructions_non_string","tests","Thu Dec 11 22:46:50 UTC 2025","passed","Thu Dec 11 22:46:50 UTC 2025","","test_homework_assign_page","",""
"Test 108: Validate HTTPS URL","0","test_validate_url_https","tests","Thu Dec 11 22:46:51 UTC 2025","passed","Thu Dec 11 22:46:51 UTC 2025","","test_utils","",""
"Test 98: Enable headless mode","0","test_set_headless_true","tests","Thu Dec 11 22:46:51 UTC 2025","passed","Thu Dec 11 22:46:51 UTC 2025","","test_utils","",""
"Test 158: Parse empty string raises error","0","test_parse_empty_string","tests","Thu Dec 11 22:46:50 UTC 2025","passed","Thu Dec 11 22:46:50 UTC 2025","","test_bdd_framework","",""
"Test 168: Enter valid password","0","test_enter_valid_password","tests","Thu Dec 11 22:46:50 UTC 2025","passed","Thu Dec 11 22:46:50 UTC 2025","","test_login_page","",""
"Test 90: Default language is 'en'","0","test_config_default_language","tests","Thu Dec 11 22:46:51 UTC 2025","passed","Thu Dec 11 22:46:51 UTC 2025","","test_utils","",""
"Test 20: Add quiz with negative plays raises error","0","test_add_quiz_negative_plays","tests","Thu Dec 11 22:46:50 UTC 2025","passed","Thu Dec 11 22:46:50 UTC 2025","","test_quiz_library","",""
"Test 138: Extract keyword from invalid step","0","test_extract_keyword_none","tests","Thu Dec 11 22:46:50 UTC 2025","passed","Thu Dec 11 22:46:50 UTC 2025","","test_bdd_framework","",""
"Test 8: Clear all saved quizzes","0","test_clear_library","tests","Thu Dec 11 22:46:50 UTC 2025","passed","Thu Dec 11 22:46:50 UTC 2025","","test_quiz_library","",""
"Test 264: Get nonexistent question returns None","0","test_get_nonexistent_question_returns_none","tests","Thu Dec 11 22:46:50 UTC 2025","passed","Thu Dec 11 22:46:50 UTC 2025","","test_quiz_editor_page","",""
"Test 331: Get all quiz results","0","test_get_all_results","tests","Thu Dec 11 22:46:50 UTC 2025","passed","Thu Dec 11 22:46:50 UTC 2025","","test_results_page","",""
"Test 98: Enable headless mode","0","test_set_headless_true","tests","Thu Dec 11 22:46:50 UTC 2025","passed","Thu Dec 11 22:46:50 UTC 2025","","test_framework_utils","",""
"Test 228: Delete a question","0","test_delete_question","tests","Thu Dec 11 22:46:50 UTC 2025","passed","Thu Dec 11 22:46:50 UTC 2025","","test_quiz_editor_page","",""
"Test 149: Reset clears failed steps","0","test_reset_clears_failed","tests","Thu Dec 11 22:46:50 UTC 2025","passed","Thu Dec 11 22:46:50 UTC 2025","","test_bdd_framework","",""
"Test 207: Search with non-string raises TypeError","1","test_search_with_non_string","tests","Thu Dec 11 22:46:50 UTC 2025","passed","Thu Dec 11 22:46:50 UTC 2025","","test_dashboard_page","",""
"Test 164: Parse non-string feature raises error","0","test_parse_feature_non_string","tests","Thu Dec 11 22:46:50 UTC 2025","passed","Thu Dec 11 22:46:50 UTC 2025","","test_dsl","",""
"Test 234: Add video to question","0","test_add_video_media","tests","Thu Dec 11 22:46:50 UTC 2025","passed","Thu Dec 11 22:46:50 UTC 2025","","test_quiz_editor_page","",""
"Test 167: Enter valid username","0","test_enter_valid_username","tests","Thu Dec 11 22:46:50 UTC 2025","passed","Thu Dec 11 22:46:50 UTC 2025","","test_login_page","",""
"Test 17: get_quizzes returns a copy","0","test_get_quizzes_returns_copy","tests","Thu Dec 11 22:46:50 UTC 2025","passed","Thu Dec 11 22:46:50 UTC 2025","","test_quiz_library","",""
"Test 205: Get currently active filters","0","test_get_active_filters","tests","Thu Dec 11 22:46:50 UTC 2025","passed","Thu Dec 11 22:46:50 UTC 2025","","test_dashboard_page","",""
"Test 317: Adding duplicate class raises ValueError","0","test_add_duplicate_class","tests","Thu Dec 11 22:46:50 UTC 2025","passed","Thu Dec 11 22:46:50 UTC 2025","","test_homework_assign_page","",""
"Test 199: Sort quizzes by number of questions","0","test_sort_by_questions_count","tests","Thu Dec 11 22:46:50 UTC 2025","passed","Thu Dec 11 22:46:50 UTC 2025","","test_dashboard_page","",""
"Test 230: Add multiple answers","0","test_add_multiple_answers","tests","Thu Dec 11 22:46:50 UTC 2025","passed","Thu Dec 11 22:46:50 UTC 2025","","test_quiz_editor_page","",""
"Test 215: Get quiz with non-integer ID raises TypeError","0","test_get_quiz_by_non_integer_id","tests","Thu Dec 11 22:46:50 UTC 2025","passed","Thu Dec 11 22:46:50 UTC 2025","","test_dashboard_page","",""
"Test 117: Set headless to non-boolean raises error","0","test_set_headless_non_boolean","tests","Thu Dec 11 22:46:50 UTC 2025","passed","Thu Dec 11 22:46:50 UTC 2025","","test_framework_utils","",""
"Test 99: Disable headless mode","0","test_set_headless_false","tests","Thu Dec 11 22:46:50 UTC 2025","passed","Thu Dec 11 22:46:50 UTC 2025","","test_framework_utils","",""
"Test 26: Add quiz with 0 plays is valid","0","test_add_quiz_with_zero_plays","tests","Thu Dec 11 22:46:50 UTC 2025","passed","Thu Dec 11 22:46:50 UTC 2025","","test_quiz_library","",""
"Test 312: Set due date with non-string raises TypeError","0","test_set_due_date_non_string","tests","Thu Dec 11 22:46:50 UTC 2025","passed","Thu Dec 11 22:46:50 UTC 2025","","test_homework_assign_page","",""
"Test 1: Add a quiz to library","0","test_add_quiz_basic","tests","Thu Dec 11 22:46:50 UTC 2025","passed","Thu Dec 11 22:46:50 UTC 2025","","test_quiz_library","",""
"Test 173: Logout after successful login","0","test_logout_after_login","tests","Thu Dec 11 22:46:50 UTC 2025","passed","Thu Dec 11 22:46:50 UTC 2025","","test_login_page","",""
"Test 183: Click login without entering credentials","1","test_login_without_credentials","tests","Thu Dec 11 22:46:50 UTC 2025","passed","Thu Dec 11 22:46:50 UTC 2025","","test_login_page","",""
"Test 305: Set homework instructions","0","test_set_instructions","tests","Thu Dec 11 22:46:50 UTC 2025","passed","Thu Dec 11 22:46:50 UTC 2025","","test_homework_assign_page","",""
"Test 147: Mark step as failed","0","test_mark_failed","tests","Thu Dec 11 22:46:50 UTC 2025","passed","Thu Dec 11 22:46:50 UTC 2025","","test_bdd_framework","",""
"Test 213: Invalid sort option raises ValueError","0","test_sort_by_invalid_option","tests","Thu Dec 11 22:46:50 UTC 2025","passed","Thu Dec 11 22:46:50 UTC 2025","","test_dashboard_page","",""
"Test 380: Unsupported language raises ValueError","0","test_change_language_unsupported","tests","Thu Dec 11 22:46:51 UTC 2025","passed","Thu Dec 11 22:46:51 UTC 2025","","test_user_profile_page","",""
"Test 152: get_executed_steps returns copy","0","test_get_executed_steps_returns_copy","tests","Thu Dec 11 22:46:50 UTC 2025","passed","Thu Dec 11 22:46:50 UTC 2025","","test_dsl","",""
"Test 165: Parse empty feature raises error","0","test_parse_feature_empty","tests","Thu Dec 11 22:46:50 UTC 2025","passed","Thu Dec 11 22:46:50 UTC 2025","","test_bdd_framework","",""
"Test 356: Get nonexistent result returns None","0","test_get_result_by_nonexistent_id","tests","Thu Dec 11 22:46:50 UTC 2025","passed","Thu Dec 11 22:46:50 UTC 2025","","test_results_page","",""
"Test 102: Log info message","0","test_log_info","tests","Thu Dec 11 22:46:51 UTC 2025","passed","Thu Dec 11 22:46:51 UTC 2025","","test_utils","",""
"Test 262: Question text whitespace is trimmed","0","test_question_text_whitespace_trimmed","tests","Thu Dec 11 22:46:50 UTC 2025","passed","Thu Dec 11 22:46:50 UTC 2025","","test_quiz_editor_page","",""
"Test 267: Get join code after starting","0","test_get_join_code","tests","Thu Dec 11 22:46:50 UTC 2025","passed","Thu Dec 11 22:46:50 UTC 2025","","test_live_session_page","",""
"Test 231: Mark answer as correct","0","test_set_correct_answer","tests","Thu Dec 11 22:46:50 UTC 2025","passed","Thu Dec 11 22:46:50 UTC 2025","","test_quiz_editor_page","",""
"Test 70: Multiple searches update last query","0","test_multiple_searches_update_last_query","tests","Thu Dec 11 22:46:50 UTC 2025","passed","Thu Dec 11 22:46:50 UTC 2025","","test_quiz_search","",""
"Test 137: Extract When keyword","0","test_extract_keyword_when","tests","Thu Dec 11 22:46:50 UTC 2025","passed","Thu Dec 11 22:46:50 UTC 2025","","test_dsl","",""
"Test 349: Filter with empty student name raises ValueError","0","test_filter_by_student_empty","tests","Thu Dec 11 22:46:50 UTC 2025","passed","Thu Dec 11 22:46:50 UTC 2025","","test_results_page","",""
"Test 16: Clear library resets total questions","0","test_clear_library_resets_questions","tests","Thu Dec 11 22:46:50 UTC 2025","passed","Thu Dec 11 22:46:50 UTC 2025","","test_quiz_library","",""
"Test 362: Filter with no matches returns empty list","0","test_filter_returns_empty_list","tests","Thu Dec 11 22:46:50 UTC 2025","passed","Thu Dec 11 22:46:50 UTC 2025","","test_results_page","",""
"Test 10: Library with quizzes returns False","0","test_is_empty_false","tests","Thu Dec 11 22:46:50 UTC 2025","passed","Thu Dec 11 22:46:50 UTC 2025","","test_quiz_library","",""
"Test 296: Leaderboard with no participants returns empty list","0","test_get_leaderboard_empty","tests","Thu Dec 11 22:46:50 UTC 2025","passed","Thu Dec 11 22:46:50 UTC 2025","","test_live_session_page","",""
"Test 354: Sort with invalid option raises ValueError","0","test_sort_results_invalid_option","tests","Thu Dec 11 22:46:50 UTC 2025","passed","Thu Dec 11 22:46:50 UTC 2025","","test_results_page","",""
"Test 363: Active filters empty when none set","0","test_get_active_filters_when_none","tests","Thu Dec 11 22:46:50 UTC 2025","passed","Thu Dec 11 22:46:50 UTC 2025","","test_results_page","",""
"Test 279: Get leaderboard of participants","1","test_get_leaderboard","tests","Thu Dec 11 22:46:50 UTC 2025","passed","Thu Dec 11 22:46:50 UTC 2025","","test_live_session_page","",""
"Test 184: Invalid email without @ symbol","0","test_invalid_email_format_no_at","tests","Thu Dec 11 22:46:50 UTC 2025","passed","Thu Dec 11 22:46:50 UTC 2025","","test_login_page","",""
"Test 134: Validate But step","0","test_validate_step_but","tests","Thu Dec 11 22:46:50 UTC 2025","passed","Thu Dec 11 22:46:50 UTC 2025","","test_bdd_framework","",""
"Test 58: Adding empty category raises error","0","test_add_empty_category","tests","Thu Dec 11 22:46:50 UTC 2025","passed","Thu Dec 11 22:46:50 UTC 2025","","test_subject_categories","",""
"Test 392: Name with exactly 50 characters is valid","0","test_name_exactly_50_characters","tests","Thu Dec 11 22:46:51 UTC 2025","passed","Thu Dec 11 22:46:51 UTC 2025","","test_user_profile_page","",""
"Test 110: Format time in minutes","0","test_format_time_minutes","tests","Thu Dec 11 22:46:50 UTC 2025","passed","Thu Dec 11 22:46:50 UTC 2025","","test_framework_utils","",""
"Test 111: Format score as percentage","0","test_format_score_percentage","tests","Thu Dec 11 22:46:51 UTC 2025","passed","Thu Dec 11 22:46:51 UTC 2025","","test_utils","",""
"Test 124: Format negative time raises error","0","test_format_time_negative","tests","Thu Dec 11 22:46:51 UTC 2025","passed","Thu Dec 11 22:46:51 UTC 2025","","test_utils","",""
"Test 341: Export results to Excel with default filename","1","test_export_to_excel_default","tests","Thu Dec 11 22:46:50 UTC 2025","passed","Thu Dec 11 22:46:50 UTC 2025","","test_results_page","",""
"Test 244: Edit question with non-integer ID raises TypeError","0","test_edit_question_non_integer_id","tests","Thu Dec 11 22:46:50 UTC 2025","passed","Thu Dec 11 22:46:50 UTC 2025","","test_quiz_editor_page","",""
"Test 275: Remove participant from session","0","test_remove_participant","tests","Thu Dec 11 22:46:50 UTC 2025","passed","Thu Dec 11 22:46:50 UTC 2025","","test_live_session_page","",""
"Test 166: Parse whitespace feature raises error","0","test_parse_feature_whitespace","tests","Thu Dec 11 22:46:50 UTC 2025","passed","Thu Dec 11 22:46:50 UTC 2025","","test_dsl","",""
"Test 150: Get execution count","0","test_get_execution_count","tests","Thu Dec 11 22:46:50 UTC 2025","passed","Thu Dec 11 22:46:50 UTC 2025","","test_dsl","",""
"Test 340: Get specific result by ID","0","test_get_result_by_id","tests","Thu Dec 11 22:46:50 UTC 2025","passed","Thu Dec 11 22:46:50 UTC 2025","","test_results_page","",""
"Test 198: Sort quizzes alphabetically by name","0","test_sort_by_name","tests","Thu Dec 11 22:46:50 UTC 2025","passed","Thu Dec 11 22:46:50 UTC 2025","","test_dashboard_page","",""
"Test 101: Reset configuration to defaults","0","test_config_reset","tests","Thu Dec 11 22:46:50 UTC 2025","passed","Thu Dec 11 22:46:50 UTC 2025","","test_framework_utils","",""
"Test 15: Total questions across multiple quizzes","0","test_total_questions_multiple_quizzes","tests","Thu Dec 11 22:46:50 UTC 2025","passed","Thu Dec 11 22:46:50 UTC 2025","","test_quiz_library","",""
"Test 393: Both HTTP and HTTPS avatar URLs are valid","1","test_http_and_https_avatars","tests","Thu Dec 11 22:46:51 UTC 2025","passed","Thu Dec 11 22:46:51 UTC 2025","","test_user_profile_page","",""
"Test 56: Opening invalid category raises error","0","test_open_invalid_category","tests","Thu Dec 11 22:46:50 UTC 2025","passed","Thu Dec 11 22:46:50 UTC 2025","","test_subject_categories","",""
"Test 242: Empty question text raises ValueError","0","test_add_question_empty","tests","Thu Dec 11 22:46:50 UTC 2025","passed","Thu Dec 11 22:46:50 UTC 2025","","test_quiz_editor_page","",""
"Test 192: Load custom quiz list","0","test_load_custom_quiz_list","tests","Thu Dec 11 22:46:50 UTC 2025","passed","Thu Dec 11 22:46:50 UTC 2025","","test_dashboard_page","",""
"Test 114: Set invalid browser raises error","1","test_set_browser_invalid","tests","Thu Dec 11 22:46:50 UTC 2025","passed","Thu Dec 11 22:46:50 UTC 2025","","test_framework_utils","",""
"Test 323: Assign without classes raises ValueError","0","test_assign_homework_without_classes","tests","Thu Dec 11 22:46:50 UTC 2025","passed","Thu Dec 11 22:46:50 UTC 2025","","test_homework_assign_page","",""
"Test 382: Empty avatar URL raises ValueError","0","test_change_avatar_empty","tests","Thu Dec 11 22:46:51 UTC 2025","passed","Thu Dec 11 22:46:51 UTC 2025","","test_user_profile_page","",""
"Test 169: Successful login with valid credentials","1","test_successful_login","tests","Thu Dec 11 22:46:50 UTC 2025","passed","Thu Dec 11 22:46:50 UTC 2025","","test_login_page","",""
"Test 282: Copy join code before starting raises ValueError","0","test_copy_join_code_before_start","tests","Thu Dec 11 22:46:50 UTC 2025","passed","Thu Dec 11 22:46:50 UTC 2025","","test_live_session_page","",""
"Test 144: Get executed steps list","0","test_get_executed_steps","tests","Thu Dec 11 22:46:50 UTC 2025","passed","Thu Dec 11 22:46:50 UTC 2025","","test_dsl","",""
"Test 155: Parse feature strips whitespace","0","test_parse_feature_strips_whitespace","tests","Thu Dec 11 22:46:50 UTC 2025","passed","Thu Dec 11 22:46:50 UTC 2025","","test_dsl","",""
"Test 324: Cancel assignment before assigning raises ValueError","0","test_cancel_assignment_before_assigning","tests","Thu Dec 11 22:46:50 UTC 2025","passed","Thu Dec 11 22:46:50 UTC 2025","","test_homework_assign_page","",""
"Test 154: Parse multi-line feature","0","test_parse_feature_multiple_lines","tests","Thu Dec 11 22:46:50 UTC 2025","passed","Thu Dec 11 22:46:50 UTC 2025","","test_bdd_framework","",""
"Test 156: Get feature count","0","test_get_feature_count","tests","Thu Dec 11 22:46:50 UTC 2025","passed","Thu Dec 11 22:46:50 UTC 2025","","test_bdd_framework","",""
"Test 22: Add quiz with negative questions raises error","0","test_add_quiz_negative_questions","tests","Thu Dec 11 22:46:50 UTC 2025","passed","Thu Dec 11 22:46:50 UTC 2025","","test_quiz_library","",""
"Test 208: Filter by invalid subject raises ValueError","0","test_filter_by_invalid_subject","tests","Thu Dec 11 22:46:50 UTC 2025","passed","Thu Dec 11 22:46:50 UTC 2025","","test_dashboard_page","",""
"Test 311: Empty homework name raises ValueError","1","test_set_homework_name_empty","tests","Thu Dec 11 22:46:50 UTC 2025","passed","Thu Dec 11 22:46:50 UTC 2025","","test_homework_assign_page","",""
"Test 322: Assign without due date raises ValueError","1","test_assign_homework_without_due_date","tests","Thu Dec 11 22:46:50 UTC 2025","passed","Thu Dec 11 22:46:50 UTC 2025","","test_homework_assign_page","",""
"Test 366: Change user name","0","test_change_name","tests","Thu Dec 11 22:46:50 UTC 2025","passed","Thu Dec 11 22:46:50 UTC 2025","","test_user_profile_page","",""
"Test 107: Validate HTTP URL","0","test_validate_url_http","tests","Thu Dec 11 22:46:50 UTC 2025","passed","Thu Dec 11 22:46:50 UTC 2025","","test_framework_utils","",""
"Test 188: No redirect URL on failed login","0","test_no_redirect_on_failed_login","tests","Thu Dec 11 22:46:50 UTC 2025","passed","Thu Dec 11 22:46:50 UTC 2025","","test_login_page","",""
"Test 258: Save quiz with question missing correct answer raises ValueError","0","test_save_quiz_without_correct_answer","tests","Thu Dec 11 22:46:50 UTC 2025","passed","Thu Dec 11 22:46:50 UTC 2025","","test_quiz_editor_page","",""
"Test 191: Dashboard loads with default quizzes","0","test_dashboard_loads_default_quizzes","tests","Thu Dec 11 22:46:50 UTC 2025","passed","Thu Dec 11 22:46:50 UTC 2025","","test_dashboard_page","",""
"Test 270: Share join code via link","0","test_share_join_code_link","tests","Thu Dec 11 22:46:50 UTC 2025","passed","Thu Dec 11 22:46:50 UTC 2025","","test_live_session_page","",""
"Test 334: Filter by minimum accuracy","1","test_filter_by_accuracy","tests","Thu Dec 11 22:46:50 UTC 2025","passed","Thu Dec 11 22:46:50 UTC 2025","","test_results_page","",""
"Test 369: Change user avatar","1","test_change_avatar","tests","Thu Dec 11 22:46:50 UTC 2025","passed","Thu Dec 11 22:46:50 UTC 2025","","test_user_profile_page","",""
"Test 236: Set question timer","0","test_set_timer","tests","Thu Dec 11 22:46:50 UTC 2025","passed","Thu Dec 11 22:46:50 UTC 2025","","test_quiz_editor_page","",""
"Test 309: Create with non-integer quiz ID raises TypeError","0","test_create_homework_non_integer_id","tests","Thu Dec 11 22:46:50 UTC 2025","passed","Thu Dec 11 22:46:50 UTC 2025","","test_homework_assign_page","",""
"Test 23: Remove non-existent quiz raises error","0","test_remove_nonexistent_quiz","tests","Thu Dec 11 22:46:50 UTC 2025","passed","Thu Dec 11 22:46:50 UTC 2025","","test_quiz_library","",""
"Test 381: Change avatar with non-string raises TypeError","1","test_change_avatar_non_string","tests","Thu Dec 11 22:46:51 UTC 2025","passed","Thu Dec 11 22:46:51 UTC 2025","","test_user_profile_page","",""
"Test 171: Validate correct email format","0","test_valid_email_format","tests","Thu Dec 11 22:46:50 UTC 2025","passed","Thu Dec 11 22:46:50 UTC 2025","","test_login_page","",""
"Test 141: Parse step with no parameters","0","test_parse_parameters_none","tests","Thu Dec 11 22:46:50 UTC 2025","passed","Thu Dec 11 22:46:50 UTC 2025","","test_dsl","",""
"Test 131: Validate When step","0","test_validate_step_when","tests","Thu Dec 11 22:46:50 UTC 2025","passed","Thu Dec 11 22:46:50 UTC 2025","","test_dsl","",""
"Test 241: Add question with non-string raises TypeError","0","test_add_question_non_string","tests","Thu Dec 11 22:46:50 UTC 2025","passed","Thu Dec 11 22:46:50 UTC 2025","","test_quiz_editor_page","",""
"Test 82: Apply filter with empty name raises error","0","test_apply_filter_empty_name","tests","Thu Dec 11 22:46:50 UTC 2025","passed","Thu Dec 11 22:46:50 UTC 2025","","test_quiz_search","",""
"Test 239: Set quiz name with non-string raises TypeError","0","test_set_quiz_name_non_string","tests","Thu Dec 11 22:46:50 UTC 2025","passed","Thu Dec 11 22:46:50 UTC 2025","","test_quiz_editor_page","",""
"Test 111: Format score as percentage","0","test_format_score_percentage","tests","Thu Dec 11 22:46:50 UTC 2025","passed","Thu Dec 11 22:46:50 UTC 2025","","test_framework_utils","",""
"Test 217: Open nonexistent quiz raises ValueError","0","test_open_nonexistent_quiz","tests","Thu Dec 11 22:46:50 UTC 2025","passed","Thu Dec 11 22:46:50 UTC 2025","","test_dashboard_page","",""
"Test 40: Open Math category","1","test_open_category_math","tests","Thu Dec 11 22:46:50 UTC 2025","passed","Thu Dec 11 22:46:50 UTC 2025","","test_subject_categories","",""
"Test 44: Initial current category is None","0","test_get_current_category_initial","tests","Thu Dec 11 22:46:50 UTC 2025","passed","Thu Dec 11 22:46:50 UTC 2025","","test_subject_categories","",""
"Test 121: Validate URL with invalid protocol","0","test_validate_url_invalid_protocol","tests","Thu Dec 11 22:46:51 UTC 2025","passed","Thu Dec 11 22:46:51 UTC 2025","","test_utils","",""
"Test 376: Empty name raises ValueError","0","test_change_name_empty","tests","Thu Dec 11 22:46:51 UTC 2025","passed","Thu Dec 11 22:46:51 UTC 2025","","test_user_profile_page","",""
"Test 374: Create profile with non-integer ID raises TypeError","0","test_create_profile_non_integer_id","tests","Thu Dec 11 22:46:50 UTC 2025","passed","Thu Dec 11 22:46:50 UTC 2025","","test_user_profile_page","",""
"Test 229: Add answer to question","0","test_add_answer","tests","Thu Dec 11 22:46:50 UTC 2025","passed","Thu Dec 11 22:46:50 UTC 2025","","test_quiz_editor_page","",""
"Test 92: Set language to English","0","test_set_language_en","tests","Thu Dec 11 22:46:50 UTC 2025","passed","Thu Dec 11 22:46:50 UTC 2025","","test_framework_utils","",""
"Test 75: Cache multiple different queries","0","test_cache_multiple_queries","tests","Thu Dec 11 22:46:50 UTC 2025","passed","Thu Dec 11 22:46:50 UTC 2025","","test_quiz_search","",""
"Test 271: Share join code via QR code","1","test_share_join_code_qr","tests","Thu Dec 11 22:46:50 UTC 2025","passed","Thu Dec 11 22:46:50 UTC 2025","","test_live_session_page","",""
"Test 255: Non-integer timer raises TypeError","0","test_set_timer_non_integer","tests","Thu Dec 11 22:46:50 UTC 2025","passed","Thu Dec 11 22:46:50 UTC 2025","","test_quiz_editor_page","",""
"Test 150: Get execution count","0","test_get_execution_count","tests","Thu Dec 11 22:46:50 UTC 2025","passed","Thu Dec 11 22:46:50 UTC 2025","","test_bdd_framework","",""
"Test 384: Remove avatar when none exists raises ValueError","0","test_remove_avatar_when_none","tests","Thu Dec 11 22:46:51 UTC 2025","passed","Thu Dec 11 22:46:51 UTC 2025","","test_user_profile_page","",""
"Test 248: Empty answer text raises ValueError","0","test_add_answer_empty_text","tests","Thu Dec 11 22:46:50 UTC 2025","passed","Thu Dec 11 22:46:50 UTC 2025","","test_quiz_editor_page","",""
"Test 103: Log warning message","0","test_log_warning","tests","Thu Dec 11 22:46:50 UTC 2025","passed","Thu Dec 11 22:46:50 UTC 2025","","test_framework_utils","",""
"Test 86: Validate min grade > max grade raises error","0","test_validate_grade_range_min_greater_than_max","tests","Thu Dec 11 22:46:50 UTC 2025","passed","Thu Dec 11 22:46:50 UTC 2025","","test_quiz_search","",""
"Test 250: Set nonexistent answer as correct raises ValueError","0","test_set_correct_answer_nonexistent_answer","tests","Thu Dec 11 22:46:50 UTC 2025","passed","Thu Dec 11 22:46:50 UTC 2025","","test_quiz_editor_page","",""
"Test 327: Empty instructions allowed","0","test_empty_instructions","tests","Thu Dec 11 22:46:50 UTC 2025","passed","Thu Dec 11 22:46:50 UTC 2025","","test_homework_assign_page","",""
"Test 116: Set negative timeout raises error","0","test_set_timeout_negative","tests","Thu Dec 11 22:46:51 UTC 2025","passed","Thu Dec 11 22:46:51 UTC 2025","","test_utils","",""
